family,q,q_mod_m,signature,m2,C_f_to_L,C_L_to_f,C_f_to_Xsplit,C_Xsplit_to_f
"y^2-x^3  (sextic, CM Z[zeta_3])",101,2,L,0.000000000,1.000000000000000,1.000000000000000,0.870234805814761,0.999875975615603
"y^2-x^3  (sextic, CM Z[zeta_3])",211,1,7-valued,1.990521327,0.999847954404788,0.976502595469764,0.906995191366292,0.999567726880276
"y^2-x^3  (sextic, CM Z[zeta_3])",401,2,L,0.000000000,1.000000000000000,1.000000000000000,0.896513025736023,0.999975915371269
"y^2-x^3  (sextic, CM Z[zeta_3])",421,1,7-valued,1.995249406,0.999932532578259,0.984853545020046,0.911052250955091,0.999805786060571
"y^2-x^3  (sextic, CM Z[zeta_3])",461,2,L,0.000000000,1.000000000000000,1.000000000000000,0.898605809779476,0.999979525106195
"y^2-x^3  (sextic, CM Z[zeta_3])",491,2,L,0.000000000,1.000000000000000,1.000000000000000,0.899525143150703,0.999980971257269
"y^2-x^3  (sextic, CM Z[zeta_3])",601,1,7-valued,1.996672213,0.999955373102409,0.987899063950999,0.913419085195725,0.999871051227860
"y^2-x^3  (sextic, CM Z[zeta_3])",661,1,7-valued,1.996974281,0.999960019480484,0.989107655135008,0.913600491699528,0.999884384385659
"xy^2-x^2 (quartic, CM Z[i])",101,1,5-valued,2.970297030,0.999500191601693,0.870234805814761,0.999623820677852,0.994680237238475
"xy^2-x^2 (quartic, CM Z[i])",211,3,Xsplit,0.995260664,0.999948757006133,0.885683158447779,1.000000000000000,1.000000000000000
"xy^2-x^2 (quartic, CM Z[i])",401,1,5-valued,2.992518703,0.999904207559877,0.896513025736023,0.999928229956992,0.998387630101896
"xy^2-x^2 (quartic, CM Z[i])",421,1,5-valued,2.992874109,0.999909618812114,0.897253039051614,0.999932317198194,0.998468345505246
"xy^2-x^2 (quartic, CM Z[i])",461,1,5-valued,2.993492408,0.999918671657177,0.898605809779476,0.999939094579684,0.998583595706246
"xy^2-x^2 (quartic, CM Z[i])",491,3,Xsplit,0.997963340,0.999980971257269,0.899525143150703,1.000000000000000,1.000000000000000
"xy^2-x^2 (quartic, CM Z[i])",601,1,5-valued,2.995008319,0.999940212748185,0.902365859259835,0.999955230606605,0.998879007146920
"xy^2-x^2 (quartic, CM Z[i])",661,1,5-valued,2.995461422,0.999946450303734,0.903649240075111,0.999959905390857,0.998971530866250
"y^2-x^4  (CM Z[i], quartic model)",101,1,5-valued,2.970297030,0.999500191601693,0.870234805814761,0.999623820677852,0.994680237238475
"y^2-x^4  (CM Z[i], quartic model)",211,3,Xsplit,0.995260664,0.999948757006133,0.885683158447779,1.000000000000000,1.000000000000000
"y^2-x^4  (CM Z[i], quartic model)",401,1,5-valued,2.992518703,0.999904207559877,0.896513025736023,0.999928229956992,0.998387630101896
"y^2-x^4  (CM Z[i], quartic model)",421,1,5-valued,2.992874109,0.999909618812114,0.897253039051614,0.999932317198194,0.998468345505246
"y^2-x^4  (CM Z[i], quartic model)",461,1,5-valued,2.993492408,0.999918671657177,0.898605809779476,0.999939094579684,0.998583595706246
"y^2-x^4  (CM Z[i], quartic model)",491,3,Xsplit,0.997963340,0.999980971257269,0.899525143150703,1.000000000000000,1.000000000000000
"y^2-x^4  (CM Z[i], quartic model)",601,1,5-valued,2.995008319,0.999940212748185,0.902365859259835,0.999955230606605,0.998879007146920
"y^2-x^4  (CM Z[i], quartic model)",661,1,5-valued,2.995461422,0.999946450303734,0.903649240075111,0.999959905390857,0.998971530866250
"y^2-x^5  (genus 2, CM Z[zeta_5])",101,1,11-valued,3.960396040,0.999248254448928,0.945178729346587,0.920709257196641,0.995157804930194
"y^2-x^5  (genus 2, CM Z[zeta_5])",211,1,9-valued,3.981042654,0.999693999177051,0.965819093400124,0.917028007108216,0.997848908034892
"y^2-x^5  (genus 2, CM Z[zeta_5])",401,1,11-valued,3.990024938,0.999856357921877,0.973523125763360,0.920895458988762,0.998947053691077
"y^2-x^5  (genus 2, CM Z[zeta_5])",421,1,9-valued,3.990498812,0.999864394298476,0.977116324372059,0.918266348306309,0.999003893351574
"y^2-x^5  (genus 2, CM Z[zeta_5])",461,1,9-valued,3.991323210,0.999877827951594,0.974287352050576,0.922321128246391,0.999098588824215
"y^2-x^5  (genus 2, CM Z[zeta_5])",491,1,11-valued,3.991853360,0.999886637153162,0.977301731804281,0.920417015418576,0.999161810113221
"y^2-x^5  (genus 2, CM Z[zeta_5])",601,1,11-valued,3.993344426,0.999910423542060,0.981064687753355,0.919782222848382,0.999333067985792
"y^2-x^5  (genus 2, CM Z[zeta_5])",661,1,11-valued,3.993948563,0.999919907213783,0.984531523768314,0.917846933551071,0.999402295789013
"y^2-x^7  (genus 3, CM Z[zeta_7])",101,3,L,0.000000000,1.000000000000000,1.000000000000000,0.870234805814761,0.999875975615603
"y^2-x^7  (genus 3, CM Z[zeta_7])",211,1,13-valued,5.971563981,0.999531008556105,0.948590266763501,0.933683582343350,0.995550483415257
"y^2-x^7  (genus 3, CM Z[zeta_7])",401,2,L,0.000000000,1.000000000000000,1.000000000000000,0.896513025736023,0.999975915371269
"y^2-x^7  (genus 3, CM Z[zeta_7])",421,1,11-valued,5.985748219,0.999793991057487,0.962142035092301,0.932557778712514,0.997889581352012
"y^2-x^7  (genus 3, CM Z[zeta_7])",461,6,L,0.000000000,1.000000000000000,1.000000000000000,0.898605809779476,0.999979525106195
"y^2-x^7  (genus 3, CM Z[zeta_7])",491,1,13-valued,5.987780041,0.999829924177204,0.975414075214976,0.922198239709071,0.998262064731225
"y^2-x^7  (genus 3, CM Z[zeta_7])",601,6,L,0.000000000,1.000000000000000,1.000000000000000,0.902365859259835,0.999984944185975
"y^2-x^7  (genus 3, CM Z[zeta_7])",661,3,L,0.000000000,1.000000000000000,1.000000000000000,0.903649240075111,0.999986511058347
