n,grad_frac,curl_frac,curl_energy,order_agreement,ties,min_abs_A,sd_psi,rms_A,cycles,triangles,cycle_frac,pool,q,replicate
296,0.9958658105100727,0.09083659756461529,0.008251287457115872,0.9831424644983967,0,1.295555174252172e-07,0.017418030529628883,0.02477696287628576,132,4278680,3.085063617751269e-05,arithmetic,11,0
296,0.993283037629282,0.11571001321383648,0.01338880715794621,0.9581081081081081,0,7.095013392355298e-07,0.017482141268649314,0.024932822868032438,1953,4278680,0.0004564491852627446,control:loose,11,0
296,0.9927929170984677,0.11984249563120318,0.014362223759114952,0.9593449381584975,0,3.385248680820574e-06,0.018283558774376357,0.02608866808467282,1528,4278680,0.00035711948544878326,control:loose,11,1
296,0.994256410070465,0.10702425441829207,0.011454191033791309,0.9581081081081081,0,3.20228816874657e-06,0.018647023229091234,0.026568128162759913,1919,4278680,0.0004485028092776277,control:loose,11,2
296,0.9932629648412251,0.11588219308771694,0.013428682674818912,0.9577645442052222,0,1.0457729591184517e-06,0.01897393316846177,0.027060945672834905,1422,4278680,0.00033234548973047764,control:loose,11,3
296,0.9931911809809002,0.11649582834490115,0.013571278021764673,0.9602611085661933,0,1.6056348781656737e-06,0.01797067692357471,0.025631937019861852,1619,4278680,0.00037838772705600795,control:loose,11,4
296,0.9969189129410377,0.07843902740638772,0.006152681020460045,0.9821804855703161,0,5.722175677735919e-07,0.017970702176413354,0.025536128608361908,97,4278680,2.2670543251657053e-05,control:m2matched,11,0
296,0.9965853779811993,0.08256866472258072,0.006817584394069946,0.9822262940907008,0,5.78973817777495e-08,0.017213510263347116,0.024468355252388812,93,4278680,2.1735675488702124e-05,control:m2matched,11,1
296,0.9970659477945859,0.07654734318370561,0.0058594957484840015,0.9831882730187815,0,1.139073330103102e-07,0.018640668048671257,0.02648423505502557,97,4278680,2.2670543251657053e-05,control:m2matched,11,2
296,0.996704391136858,0.08111939773263373,0.006580356688505221,0.9815620705451213,0,2.8176616764241658e-06,0.017534177492615505,0.02492119550534227,105,4278680,2.4540278777566914e-05,control:m2matched,11,3
296,0.9970983360930865,0.07612429415369823,0.0057949081603987755,0.9834860284012826,0,1.2242410867280284e-06,0.01772525535230294,0.025182819592700436,56,4278680,1.3088148681369021e-05,control:m2matched,11,4
296,0.9959933564774978,0.089427254529524,0.007997233852688272,0.9844251030691709,0,3.2315075015887373e-07,0.01709975778564084,0.02432110835144922,104,4278680,2.430656183682818e-05,control:marginal,11,0
296,0.9960433110709851,0.08886913114658372,0.007897722470748696,0.986165826843793,0,2.2916349262658287e-08,0.01683596808365284,0.023944717402674447,74,4278680,1.7295053614666207e-05,control:marginal,11,1
296,0.9956806112236828,0.09284460368396878,0.008620120433233229,0.983623453962437,0,4.770547863408581e-07,0.016737282013283346,0.023813033828698697,79,4278680,1.846363831835987e-05,control:marginal,11,2
296,0.9962468925741222,0.08655708542000004,0.007492129036405183,0.9840815391662849,0,3.730392021950024e-07,0.017177845663152645,0.024425955526831526,57,4278680,1.3321865622107752e-05,control:marginal,11,3
296,0.9959118503794194,0.09033042828327878,0.008159586273840572,0.9824324324324324,0,1.4218310212532614e-06,0.016661448716224117,0.023699637648611174,62,4278680,1.4490450325801416e-05,control:marginal,11,4
296,0.996675905440428,0.08146864129530607,0.00663713951450325,0.9803710490151168,0,1.502996359592501e-07,0.013401630373350992,0.019048181546060017,47,4278680,1.0984696214720427e-05,control:sigshuffle,11,0
296,0.9966986897268348,0.08118941985758103,0.006591721896810572,0.976271186440678,0,3.248478674944266e-08,0.013543176100217241,0.019248925144493802,60,4278680,1.402301644432395e-05,control:sigshuffle,11,1
296,0.9972274874365221,0.07441329384620286,0.005537338301041334,0.9796152084287677,0,1.2967108953265694e-07,0.014669902210930813,0.020839285443937376,45,4278680,1.0517262333242963e-05,control:sigshuffle,11,2
296,0.9967340364876925,0.08075432190880663,0.006521260506951167,0.9793174530462666,0,2.849068225785345e-08,0.013566605508221403,0.019281541580112253,164,4278680,3.832957828115213e-05,control:sigshuffle,11,3
296,0.9967522985033813,0.08052860006374113,0.006484855428225967,0.9800045808520385,0,1.6856231743744843e-07,0.013884671970813396,0.0197332320727635,105,4278680,2.4540278777566914e-05,control:sigshuffle,11,4
296,0.9951931942970562,0.09793112898778362,0.009590506024821916,0.9832340815391662,0,6.620645127686231e-07,0.016728887534310507,0.023812747638478828,147,4278680,3.435639028859368e-05,control:maxmatched,11,0
296,0.9954549321088811,0.0952338077580808,0.00906947814010309,0.9839899221255154,0,2.704185333102238e-06,0.01662472740325386,0.023658258651378508,102,4278680,2.3839127955350715e-05,control:maxmatched,11,1
296,0.994893330994605,0.10093195699311244,0.010187259942459498,0.9819285387081997,0,2.3567830874648976e-06,0.01663382178665014,0.023684562662559167,261,4278680,6.1000121532809185e-05,control:maxmatched,11,2
296,0.9955173946375132,0.09457862852747251,0.008945116974137635,0.9825698579935868,0,2.4175933809322814e-06,0.016798065317732775,0.0239034318757001,83,4278680,1.9398506081314797e-05,control:maxmatched,11,3
296,0.9953456983400075,0.09636877500540694,0.009286940796042746,0.9834402198808978,0,9.442206916343565e-07,0.016691339506583164,0.023755659537461643,130,4278680,3.0383202296035226e-05,control:maxmatched,11,4
698,0.9963668385656137,0.08516526878231724,0.007253123006764339,0.9865078745174777,0,2.487801293860059e-07,0.015134926661977082,0.021497471220102208,1475,56434696,2.613640374708495e-05,arithmetic,13,0
698,0.9912545638286709,0.13196359228526414,0.017414389688831425,0.959540067337299,0,1.0256483351511747e-07,0.013981784856684679,0.01996198548271573,31587,56434696,0.0005597088712943541,control:loose,13,0
698,0.9913886271769201,0.13095262465587057,0.017148589904261317,0.9599347181740822,0,3.4114866598322635e-08,0.014188723575923521,0.02025469535342461,31783,56434696,0.0005631819120634582,control:loose,13,1
698,0.9913012250233786,0.1316126181912243,0.017321881267148984,0.9595277344986496,0,1.0630199254180184e-07,0.014080408307051304,0.02010184528027684,32034,56434696,0.0005676295305994029,control:loose,13,2
698,0.9917636378123877,0.12808156273695134,0.016404886713139607,0.959975827636247,0,3.8295472348792714e-08,0.01473767784940967,0.02103038377141201,32092,56434696,0.0005686572671535255,control:loose,13,3
698,0.9914085047910699,0.13080205131394299,0.017109176627935378,0.959338630972691,0,1.280793467950403e-07,0.013992669064008579,0.019974423004052243,28892,56434696,0.0005119545607191717,control:loose,13,4
698,0.9971833657045093,0.07500223438156083,0.005625335162226583,0.9849087164392628,0,5.276642300877654e-08,0.015243779640039203,0.021634355253385175,677,56434696,1.1996166330017974e-05,control:m2matched,13,0
698,0.9967063287717577,0.0810955867253178,0.00657649418632354,0.9865736496569415,0,5.350073539744926e-08,0.015050422864448755,0.021370161608214373,1357,56434696,2.4045491447318154e-05,control:m2matched,13,1
698,0.9965605243425335,0.08286809592439742,0.006867121322135133,0.9861173346269111,0,4.763976302335493e-08,0.014584249062078829,0.020711269150124702,1237,56434696,2.1919139956029887e-05,control:m2matched,13,2
698,0.9962234865246735,0.08682606116036619,0.007538764896623651,0.9850073791484586,0,2.4192734693340157e-07,0.014840102791408835,0.02108174000393605,2215,56434696,3.924890461002926e-05,control:m2matched,13,3
698,0.9966960560331549,0.0812217451668827,0.006596971887954033,0.9863146600453027,0,9.34883672698561e-08,0.01468375651943658,0.020849745344313508,628,56434696,1.1127906137741932e-05,control:m2matched,13,4
698,0.9966146782205,0.08221425153493164,0.00675918315544901,0.9854472503936231,0,9.485040664003463e-08,0.015724013069801313,0.022328648498346055,928,56434696,1.64437848659626e-05,control:marginal,13,0
698,0.9962321052916386,0.08672711448093305,0.007521592386188867,0.9870710741491369,0,4.788939045319296e-08,0.014841640644601141,0.02108374226206453,1298,56434696,2.3000035297434755e-05,control:marginal,13,1
698,0.996177103479475,0.0873566168257635,0.007631178503243266,0.9863516585612511,0,1.437508624357875e-07,0.01470755721248952,0.0208944195578667,1062,56434696,1.8818210697901165e-05,control:marginal,13,2
698,0.9961074823990345,0.08814694270737532,0.007769883508657306,0.9860063390790659,0,5.56358696779391e-07,0.01515126095753683,0.021526275590871568,1435,56434696,2.5427619916655527e-05,control:marginal,13,3
698,0.9964778894404512,0.08385592320345242,0.00703181585630331,0.9875027235018684,0,3.680330851185687e-08,0.014990345948662541,0.021289737616149853,838,56434696,1.4849021247496399e-05,control:marginal,13,4
698,0.9970904013000644,0.07622815513493966,0.005810731635276428,0.9832643379526665,0,2.793516584720379e-08,0.011717956428823933,0.016631968870580965,740,56434696,1.3112500862944314e-05,control:sigshuffle,13,0
698,0.9974828466807554,0.07090818413735471,0.005027970577657003,0.9839262002935215,0,6.55901390977931e-08,0.012373526626314413,0.017555547622777452,706,56434696,1.2510034607079305e-05,control:sigshuffle,13,1
698,0.9971458258527462,0.07549968201551914,0.005700201984444503,0.9830875672653575,0,4.033500089484221e-08,0.011834804789679782,0.01679688478677477,703,56434696,1.2456875819797098e-05,control:sigshuffle,13,2
698,0.9970983905607147,0.07612358071735713,0.005794799541231987,0.9823640407312552,0,1.94774711914647e-08,0.011614307621318631,0.016484722077395497,485,56434696,8.594003943956746e-06,control:sigshuffle,13,3
698,0.9972509467464006,0.0740982402855017,0.005490549213407947,0.9828943527931824,0,8.615340196804766e-08,0.012367513011757024,0.017551095881150263,506,56434696,8.966115454932194e-06,control:sigshuffle,13,4
698,0.9952124673511654,0.0977350747112066,0.009552144828805136,0.9849498259014278,0,1.4068715215032057e-07,0.014856955892062802,0.021127122291335707,2060,56434696,3.650236726711525e-05,control:maxmatched,13,0
698,0.9956028679500013,0.09367459276523207,0.008774929329732069,0.985496581748221,0,2.1451087706125804e-07,0.01482631455391138,0.021075281830297672,2214,56434696,3.9231185014268524e-05,control:maxmatched,13,1
698,0.995874927499739,0.09073659006921948,0.00823312877738958,0.9858049027144578,0,6.000500951675036e-07,0.014894624350917771,0.021166598704184796,1342,56434696,2.377969751090712e-05,control:maxmatched,13,2
698,0.9954355378576578,0.09543631368633032,0.00910808997003564,0.9852088155130666,0,1.2482315403516964e-08,0.01482709418488826,0.02107993294434007,1636,56434696,2.8989258664563374e-05,control:maxmatched,13,3
698,0.9956671177127019,0.09298919671489247,0.00864699070568097,0.985254035921448,0,2.2265086752071284e-07,0.014842746780069528,0.02109727839860022,1849,56434696,3.276353256160005e-05,control:maxmatched,13,4
