n,grad_frac,curl_frac,curl_energy,order_agreement,ties,min_abs_A,sd_psi,rms_A,cycles,triangles,cycle_frac,mean_m2,sd_m2,sd_logloger,mean_alpha_max,sd_alpha_max,pool,q,replicate
280,0.9957897895941074,0.09166621482380273,0.00840269494012355,0.983205325140809,0,1.295555174252172e-07,0.017365086507460943,0.024705929292365682,119,3619560,3.287692426703798e-05,1.333766233766234,0.4879229593927514,0.035739298636208554,1.915673864299434,0.5240936606376705,arithmetic,11,0
280,0.9958174224758176,0.09136553558984223,0.008347661093618725,0.9836917562724015,0,1.295555174252172e-07,0.01726390621890045,0.0245612949102173,115,3619560,3.1771817568986284e-05,1.3194805194805195,0.47901484330297195,0.03554712375830145,1.9016751233011806,0.5164771132725272,arithmetic,11,1
280,0.996006111908983,0.08928507736430825,0.007971825039950512,0.9837941628264208,0,1.295555174252172e-07,0.017216563300329498,0.024489300036280512,122,3619560,3.370575429057675e-05,1.3103896103896102,0.45115432615431994,0.03538913583180066,1.8962909921480064,0.515842476063495,arithmetic,11,2
280,0.9934162271890994,0.11456089890261677,0.013124199557375578,0.9576036866359448,0,7.095013392355298e-07,0.017420796956106262,0.024844409620476276,1682,3619560,0.00046469736653073857,4.05271546635183,1.3133019963415284,0.03814524818030135,3.4727645937974563,0.7779240427744413,loose,11,0
280,0.9911193490397415,0.13297532086458339,0.017682435959038904,0.9555299539170506,0,1.664238761911463e-06,0.016717969122254765,0.023897335233633826,1816,3619560,0.0005017184409154704,4.133589138134592,1.3224317799989398,0.03652736370466928,3.481379203642535,0.7467236724804376,loose,11,1
280,0.9915214979275973,0.12994275334705627,0.0168851191474139,0.9571172555043522,0,1.0448748277713804e-07,0.016483802763385267,0.023553051749966882,2198,3619560,0.0006072561305794074,4.174085005903188,1.3449079583262136,0.036164821790293754,3.4910706397182487,0.7525436149442244,loose,11,2
280,0.9969319943570438,0.07827259180126166,0.006126598627286934,0.9818996415770609,0,5.722175677735919e-07,0.01773215352246298,0.025199264242185257,91,3619560,2.5141177380676105e-05,1.3198347107438018,0.47355722175940296,0.036694691052366585,1.9522859561410193,0.5599817367151767,m2matched,11,0
280,0.9962725038003911,0.08626180018582882,0.007441098171299856,0.9838453661034307,0,3.91856039616556e-07,0.01720744347854787,0.02446978306734467,144,3619560,3.978384112986109e-05,1.306021251475797,0.444194632148635,0.03533257008752561,1.922134821683243,0.5301387345988575,m2matched,11,1
280,0.9969005390627419,0.07867220103959424,0.006189315216414334,0.9828469022017409,0,7.4035711117304e-08,0.018639923404183533,0.02649013700440672,138,3619560,3.812618108278354e-05,1.3510035419126327,0.4844216558989064,0.03856270810273168,1.933979910220227,0.5943300433017479,m2matched,11,2
280,0.9960849965423776,0.0884006768253031,0.007814679663171682,0.9839989759344598,0,3.2315075015887373e-07,0.017088341733545436,0.02430498927252477,93,3619560,2.5693730729701953e-05,1.1694214876033058,0.46157756740583483,0.03528012388899324,1.7843010641619796,0.5100008639812246,marginal,11,0
280,0.995259935678019,0.09725050351636332,0.009457660434186195,0.9829749103942652,0,2.057685971057488e-06,0.015494439071367347,0.02205622830832999,99,3619560,2.73513907767795e-05,1.231227863046045,0.4784912587953622,0.032126662283467756,1.799376631390868,0.46734630583035947,marginal,11,1
280,0.995643944762661,0.09323698438627814,0.008693135257447075,0.9822324628776241,0,2.069747228272689e-06,0.016617036720980874,0.023645115220179685,117,3619560,3.2324370918012136e-05,1.2603305785123966,0.5127626563782021,0.03445449528942539,1.8381423756937234,0.49947908857707796,marginal,11,2
280,0.99673300070766,0.08076710531091216,0.006523325300303977,0.9803123399897593,0,1.502996359592501e-07,0.013454100247080178,0.01912351556558447,38,3619560,1.0498513631491121e-05,1.3198347107438018,0.30888959849826186,0.02775373848653603,1.9705920020618124,0.43005694924258203,sigshuffle,11,0
280,0.9963189761607937,0.08572337920257138,0.0073484977419078475,0.9792370711725551,0,1.46549526736095e-07,0.013430395274612544,0.01909775442459285,58,3619560,1.6024047121749605e-05,1.3384297520661157,0.3296486701455454,0.027804484965818492,1.9770529594456214,0.41991252733425916,sigshuffle,11,1
280,0.9974030162523139,0.07202237965234703,0.005187223170786811,0.9760112647209421,0,4.5733609177478485e-07,0.014245478661202973,0.02023477041137338,97,3619560,2.679883742775365e-05,1.3448642266824087,0.34029240900518265,0.029568040793749122,2.0061272676727633,0.46058842537359335,sigshuffle,11,2
280,0.9953020922509864,0.09681810347661735,0.009373745160808985,0.9827956989247312,0,6.620645127686231e-07,0.01673151188736161,0.023816184231612355,130,3619560,3.591596768668015e-05,1.4159976387249116,0.5320452118036294,0.03445340813881567,1.9124433856075294,0.5131661696032114,maxmatched,11,0
280,0.995499441349755,0.09476741144679378,0.0089808622723259,0.9826676907322068,0,9.119147200697952e-07,0.01690165265430818,0.024053598832241445,97,3619560,2.679883742775365e-05,1.3756198347107438,0.513344920882744,0.034782773990778275,1.9232116479138779,0.5184490571510892,maxmatched,11,1
280,0.995295745795628,0.09688332364821566,0.009386378401124901,0.9818228366615463,0,5.810563599162322e-07,0.016817392477907016,0.02393858213059617,209,3619560,5.7741824973201163e-05,1.3145808736717828,0.48658941545933776,0.03468862497983101,1.9167506905300689,0.515438822716037,maxmatched,11,2
280,0.9962015401160842,0.08707750266482044,0.00758249147034181,0.9864823348694316,0,1.8648842792234888e-06,0.015178850201205544,0.021586566892104638,124,3619560,3.4258307639602604e-05,1.2774725274725274,0.4348702382775771,0.03106497222383917,1.9464033671117416,0.5073391896701813,arithmetic,13,0
280,0.9965403612067235,0.08311021890220749,0.006907308485972846,0.9871991807475679,0,2.487801293860059e-07,0.015101012743925196,0.02146856879205553,102,3619560,2.818022080031827e-05,1.260989010989011,0.4028844046338381,0.03082939053763561,1.9048008523948494,0.5000304150874814,arithmetic,13,1
280,0.9957966774662537,0.09159135956611925,0.008388977147170143,0.9856886840757808,0,1.464041563759011e-06,0.014603562679669608,0.020776866917924554,205,3619560,5.6636718275149466e-05,1.2912087912087913,0.43170871984475967,0.029952943656232026,1.9503655113704934,0.5089071231262172,arithmetic,13,2
280,0.9916689962589275,0.12881227371183013,0.016592601858811444,0.9603430619559652,0,3.084721882373742e-06,0.014388970736194101,0.0205567713649173,1671,3619560,0.00046165832311109635,4.482628909551987,1.295378063322239,0.03100391420737451,3.578806801717416,0.699763780506418,loose,13,0
280,0.9910390179381782,0.1335726952791294,0.017841664924131154,0.9594982078853047,0,3.328774489386177e-08,0.014268352498174104,0.020397408261838564,1658,3619560,0.00045806672634242834,4.56821639898563,1.3507886442239843,0.030538520437774334,3.6005985951405504,0.7049492839457572,loose,13,1
280,0.9905547480074426,0.13711780044878247,0.01880129119991213,0.9597030209933436,0,5.564877092467668e-08,0.013370827667442447,0.019123691063396297,2981,3619560,0.0008235807667230272,4.604691462383769,1.3181492298151938,0.028649938786338872,3.655078078698385,0.6586431750387443,loose,13,2
280,0.9971394913856485,0.07558329656193978,0.005712834719170137,0.9838453661034307,0,5.276642300877654e-08,0.015081462783963424,0.021427892647867895,41,3619560,1.1327343655029894e-05,1.3036348267117497,0.42093374236426573,0.030914211007027986,2.023665180157398,0.5397385479627946,m2matched,13,0
280,0.9964721599258434,0.08392398043899443,0.007043234492724722,0.9845110087045571,0,7.147464642365264e-07,0.01508812911357095,0.021451720710338018,75,3619560,2.0720750588469316e-05,1.2976331360946747,0.5132640700478115,0.031147333482628523,1.9592803359526845,0.5367901285159905,m2matched,13,1
280,0.9965460740907368,0.08304168961636055,0.006895922214339963,0.9885816692268306,0,2.948301316862967e-06,0.015112136180583541,0.021484259420249563,96,3619560,2.6522560753240724e-05,1.342603550295858,0.429521813742673,0.03100098965111018,2.053381262098036,0.546063944996479,m2matched,13,2
280,0.9965256650342694,0.08328624693193266,0.006936598928006862,0.9852022529441884,0,9.485040664003463e-08,0.015098618409504976,0.021465481408177004,68,3619560,1.8786813866878848e-05,1.1639053254437868,0.44138414027368394,0.030966823341217697,1.8523024409663902,0.5052122360490581,marginal,13,0
280,0.9965690508152764,0.08276549375880633,0.00685012695713901,0.9864823348694316,0,7.76927186363352e-07,0.015530668760543055,0.022078759727513945,73,3619560,2.0168197239443468e-05,1.2251479289940828,0.4346238146017541,0.031938204371730276,1.865179409807333,0.5329332576813509,marginal,13,1
280,0.9964741688401995,0.08390012416101501,0.007039230834233735,0.9855606758832566,0,2.547386817042252e-06,0.015137468791368161,0.021521826574867033,51,3619560,1.4090110400159135e-05,1.1715553677092139,0.41717145144598494,0.030959413206450823,1.8800374507776516,0.5162926348228982,marginal,13,2
280,0.9972840692727893,0.07365110436854373,0.005424485174706122,0.984715821812596,0,4.525052048620637e-07,0.012387888961142563,0.01759828449049415,34,3619560,9.393406933439424e-06,1.2836432797971258,0.2712963692807874,0.025370478588298395,2.03258000473959,0.4353132724968663,sigshuffle,13,0
280,0.9976445901989393,0.0685949826648479,0.004705271646790785,0.9818484383000512,0,1.580067889861425e-07,0.012413308834808191,0.01762802348562242,31,3619560,8.564576909900651e-06,1.2869399830938293,0.2762324189912923,0.025367061676880173,2.004844994928328,0.44207658968327745,sigshuffle,13,1
280,0.9973302816605133,0.07302266280382427,0.00533230928296102,0.9834613415258576,0,7.745173309370301e-07,0.012096781872198412,0.017183940324777606,23,3619560,6.354363513797257e-06,1.300718512256974,0.27814676410258743,0.02481997085083862,2.0424853653864687,0.43185100488925793,sigshuffle,13,2
280,0.9953224223821145,0.0966088790091232,0.009333275503399404,0.9861495135688684,0,1.8727168127341542e-06,0.014841751029182613,0.021125804964202046,74,3619560,2.0444473913956394e-05,1.2789940828402366,0.4640402020922785,0.030525206940336502,1.9246115736886078,0.5097855229749575,maxmatched,13,0
280,0.9959145258964404,0.09030092529131803,0.008154257108468198,0.9877880184331798,0,1.3391694049236236e-06,0.01461628994349397,0.02079251361761715,116,3619560,3.204809424349921e-05,1.2849957734573119,0.4222832500874845,0.029935351186313422,1.9454128310470538,0.5065350017582986,maxmatched,13,1
280,0.9955683130762554,0.0940411292919188,0.008843733998499389,0.9847414234511008,0,4.80379355405347e-07,0.01533852278221463,0.021827519362950396,117,3619560,3.2324370918012136e-05,1.2967455621301778,0.5041319042438793,0.03135622155663152,1.9137156769770407,0.5234081045952995,maxmatched,13,2
280,0.9966247669701477,0.082091862335428,0.006739073861698864,0.991321044546851,0,1.209944241464811e-06,0.011008244808311909,0.015648701824013154,34,3619560,9.393406933439424e-06,1.0794117647058823,0.3155568483926059,0.022390004225118932,1.879651094031581,0.4320412756503089,arithmetic,17,0
280,0.9968567221765944,0.07922547223801382,0.006276675451336299,0.9895033282130057,0,4.5353200306408326e-08,0.011849465277528564,0.016840614043757054,68,3619560,1.8786813866878848e-05,1.0823529411764705,0.3325183644239658,0.024071713322499272,1.908235649839434,0.4705866877975757,arithmetic,17,1
280,0.9959497084853273,0.08991205796772496,0.008084178167991535,0.9886072708653354,0,1.7370933449445403e-06,0.010768898201747498,0.015318836278893699,79,3619560,2.1825857286521013e-05,1.1025210084033614,0.34682169855247375,0.02187639886372975,1.8961088685876173,0.42300215404762603,arithmetic,17,2
280,0.9887806781694016,0.1493745978366402,0.02231277047885799,0.9593701996927804,0,4.391400902914455e-07,0.009842009070883683,0.014101837361257419,2714,3619560,0.0007498148946280764,4.884379634206624,1.208903642403975,0.020877655127735116,3.603386429111233,0.5458563764155085,loose,17,0
280,0.9903570609163257,0.1385384130599788,0.019192891893177303,0.9642089093701997,0,5.086128196385431e-08,0.010015578857016746,0.014327689600600726,2052,3619560,0.0005669197361005205,4.960133465150766,1.1206368028339875,0.02114197132774463,3.6848091032305725,0.566869946826118,loose,17,1
280,0.9886367429117102,0.15032428468123504,0.022597390564924998,0.9615207373271889,0,6.379377839316192e-07,0.009350041604713253,0.013398886495259924,2184,3619560,0.0006033882571362265,4.960652496292634,1.1895038834146276,0.019341560407358384,3.653625951440188,0.5109808612621716,loose,17,2
280,0.9968708703790603,0.07904725036138154,0.006248467789694934,0.9900921658986175,0,1.6641035436304463e-06,0.012298527648756483,0.017478579251365412,35,3619560,9.669683607952348e-06,1.112555610479486,0.3649640268920107,0.025050859929413447,1.961073768150921,0.5012469445291012,m2matched,17,0
280,0.9966886507894861,0.08131256598726823,0.00661173338743385,0.9902457757296467,0,6.772377525443574e-08,0.011262322870641992,0.01600885873996434,40,3619560,1.105106698051697e-05,1.0697478991596638,0.30024619330619906,0.022765541179584323,1.9342216096647555,0.4543961271139252,m2matched,17,1
280,0.9970234516781914,0.07709887679924503,0.005944236803705164,0.9904249871991807,0,1.1502086327830341e-07,0.011746269447329772,0.01669115910510706,130,3619560,3.591596768668015e-05,1.094142362827484,0.32736354123072625,0.023914135141726394,1.8935102726050852,0.4744713365627979,m2matched,17,2
280,0.9967075571900185,0.08108048742025399,0.006574045440305967,0.990552995391705,0,7.136853195088833e-07,0.012023556094380047,0.017090591531425028,160,3619560,4.420426792206788e-05,1.0055610479485912,0.3295992594875453,0.024320439926830088,1.83027777036347,0.47131953793868664,marginal,17,0
280,0.9962490168621729,0.08653263200177033,0.0074878964011538054,0.9897593445980543,0,4.1455176802429605e-07,0.011776664868977318,0.01674735870737861,112,3619560,3.094298754544751e-05,1.0320316361838853,0.330697634896105,0.023848357145350687,1.8588623261713235,0.4648219269456937,marginal,17,1
280,0.9966637117919465,0.08161767943956516,0.006661445597099617,0.9912442396313365,0,7.982621763602538e-07,0.01174926836584508,0.01670144660785515,68,3619560,1.8786813866878848e-05,1.029708353929807,0.3298681673037143,0.023799957936200957,1.8311439690243139,0.4632049476521292,marginal,17,2
280,0.9975342992380952,0.07018063724106692,0.004925321843562229,0.9919866871479774,0,1.3612952587394034e-07,0.009069488060256762,0.01288091895932898,13,3619560,3.591596768668015e-06,1.0962679189322788,0.20313417231730857,0.018416724012750723,1.9783977413678018,0.37491895883013987,sigshuffle,17,0
280,0.997647125131208,0.06855810468089224,0.00470021371743618,0.9901689708141321,0,3.2161902252525465e-08,0.009509339032169922,0.013504088884565347,7,3619560,1.9339367215904696e-06,1.0979485912011864,0.19702332919577167,0.019304272001746694,1.961073768150921,0.3867399993934586,sigshuffle,17,1
280,0.9974960480851743,0.07072223168466936,0.005001634054460052,0.9906810035842294,0,1.6864294427598736e-07,0.009356759529702142,0.013289425176466363,10,3619560,2.7627667451292424e-06,1.0888531883341572,0.21373520958623354,0.019027374759660754,1.9506793842207923,0.380039171545202,sigshuffle,17,2
280,0.9954673853317808,0.0951035474664738,0.009044684740707834,0.9880696364567332,0,1.1471240779492575e-06,0.010856144599500996,0.01545042732113535,78,3619560,2.154958061200809e-05,1.0853929807217004,0.3285458259121067,0.021921107110389283,1.9212286297520944,0.4358589097353389,maxmatched,17,0
280,0.9954909808889756,0.09485624369911251,0.00899770696870542,0.9873271889400922,0,3.0028557089778474e-06,0.011038211765566925,0.015709172325659725,251,3619560,6.934544530274399e-05,1.1269896193771627,0.3418852473784735,0.022430848711920335,1.9168976364478745,0.4349240319474496,maxmatched,17,1
280,0.9961966559063012,0.08713336192930174,0.007592222761102689,0.9890168970814132,0,4.63735853273306e-07,0.011880963323001646,0.016896567496668194,186,3619560,5.1387461459403907e-05,1.1221453287197232,0.3584771507965471,0.024175570833678647,1.906503252517746,0.4797513048713993,maxmatched,17,2
280,0.9960399087516794,0.08890725602528977,0.007904500173946427,0.9907066052227342,0,9.56477831604019e-07,0.009553459432678721,0.01358863507700165,105,3619560,2.9009050823857045e-05,1.056766917293233,0.286385983292322,0.01935663270154278,1.9434790026463304,0.4130783547646627,arithmetic,19,0
280,0.9958995158386612,0.09046631611997971,0.008184154352320101,0.9914234511008705,0,1.8290707171075837e-07,0.009560304229996326,0.013600287944825089,139,3619560,3.840245775729647e-05,1.0781954887218046,0.3080175010243828,0.01932136620288062,1.9344662416728442,0.41283694697852297,arithmetic,19,1
280,0.996336145605646,0.08552359300032333,0.007314284959684954,0.9885304659498207,0,4.441133798493979e-07,0.010245211794680086,0.01456823594136575,99,3619560,2.73513907767795e-05,1.0733082706766917,0.3277313722206206,0.02080618641695874,1.9541304474331782,0.437849906108554,arithmetic,19,2
280,0.9891312386714332,0.14703534501716325,0.02161939268431623,0.9654889912954429,0,1.0569391433179476e-06,0.00804875600665547,0.011528339461029992,1836,3619560,0.0005072439744057288,5.090759794222398,1.1119922894997099,0.01647879340418071,3.6927739734093636,0.46743509632925895,loose,19,0
280,0.9896724478994711,0.14334729111032618,0.0205484458686686,0.9653609831029186,0,8.289327897426091e-07,0.00858788952598527,0.012293820877053333,1763,3619560,0.0004870757771662854,5.0344281757024145,1.1202673991185883,0.017829654966528424,3.687038580062599,0.5071984508340537,loose,19,1
280,0.9905529159792048,0.13713103458041265,0.01880492064509433,0.9659498207885304,0,6.615945602472806e-07,0.008772908821864812,0.012547518560624282,1776,3619560,0.0004906673739349534,5.035259200633162,1.0790452715508483,0.018117376713332994,3.614117150368028,0.5107852624322061,loose,19,2
280,0.9969558811728448,0.07796775612313345,0.006078970994876413,0.9919098822324629,0,2.4240599572067367e-07,0.010422949828767297,0.014811758399257786,39,3619560,1.0774790306004045e-05,1.0689354966363276,0.31692170024828875,0.0211274855939496,1.9426596607396496,0.4509202608362736,m2matched,19,0
280,0.9976542392187234,0.06845450291186428,0.004686018968910435,0.9927803379416282,0,2.3915877795932516e-06,0.011569543713461172,0.01642964164395571,46,3619560,1.2708727027594514e-05,1.0625247328848437,0.29452252586517885,0.02346034316268573,1.9910008332338038,0.5035720951310044,m2matched,19,1
280,0.9973587964579963,0.07263216317759687,0.005275431127857059,0.9910906298003073,0,4.6453220226005953e-07,0.011084376039940239,0.01574532902473559,65,3619560,1.7957983843340073e-05,1.074000791452315,0.31060107215546356,0.02250753662682393,1.978710704633595,0.483102637019026,m2matched,19,2
280,0.9962074374949972,0.08701000792811689,0.007570741479650962,0.9901433691756273,0,3.2659598891982e-07,0.010112326662536909,0.014381136963597144,83,3619560,2.293096398457271e-05,1.0102097348634744,0.3004536250474168,0.020438422636408604,1.8467966576580221,0.4188464286908361,marginal,19,0
280,0.9959557167675986,0.08984547978578833,0.008072210237938499,0.9897081413210446,0,1.5610262948939635e-07,0.010272635762052791,0.014612811181964986,124,3619560,3.4258307639602604e-05,1.0444796201028888,0.33657947167196295,0.020787490657854252,1.893499146338815,0.43808289388188004,marginal,19,1
280,0.9957875969084763,0.0916900313187948,0.00840706184324157,0.990552995391705,0,1.8479392938086647e-07,0.009998577514468483,0.014225364954453161,73,3619560,2.0168197239443468e-05,1.0126632370399682,0.3052359267807004,0.020294321970459165,1.847615999564703,0.417249413468422,marginal,19,2
280,0.9979596407298879,0.06384790892639373,0.004076555474273069,0.9921658986175115,0,2.2276290057021697e-07,0.009072558267793497,0.012879787565005062,2,3619560,5.525533490258485e-07,1.0747526711515631,0.19030577066200502,0.018389045552735385,2.0172197742475824,0.40624488759899763,sigshuffle,19,0
280,0.997897422684005,0.06481306813151266,0.004200733800620102,0.9920122887864823,0,1.759792482847189e-07,0.008716449551269847,0.012375012087789683,14,3619560,3.867873443180939e-06,1.0535813217253662,0.1879840204658054,0.01762448329134407,2.0147617485275404,0.38771324820756453,sigshuffle,19,1
280,0.9977072343082104,0.06767772609257357,0.004580274609061415,0.9922427035330261,0,1.0875197586912577e-07,0.008664483593306242,0.012303579343729998,3,3619560,8.288300235387726e-07,1.0537198258804907,0.17343785767249373,0.017560398562765752,1.983626756073679,0.3824132976016908,sigshuffle,19,2
280,0.9952083638769509,0.09777685037554784,0.009560312469362271,0.9881976446492575,0,8.762052328137315e-07,0.009323936108097834,0.013273247223366919,234,3619560,6.464874183602427e-05,1.0940443213296398,0.32363294155622846,0.01877974197197026,1.9188987454459128,0.39471195768323386,maxmatched,19,0
280,0.995313159652464,0.09670426165701489,0.0093517142226284,0.9876088069636457,0,1.2556221751225394e-07,0.010076037638938733,0.014342403840601991,205,3619560,5.6636718275149466e-05,1.0806094182825485,0.32656873110797296,0.02038050601795788,1.8992345396855788,0.4235260661149913,maxmatched,19,1
280,0.9950651415491445,0.09922380799878988,0.00984536407378072,0.989247311827957,0,4.056843803112997e-07,0.009290925731288409,0.01322815843159088,140,3619560,3.867873443180939e-05,1.0801345468935497,0.31672146415602387,0.0188398033008614,1.9115246682857876,0.3935835730833721,maxmatched,19,2
280,0.9966842177172627,0.08136688609826476,0.00662057015332799,0.9905785970302099,0,5.911217511034295e-07,0.009186259012886057,0.013057890337399836,127,3619560,3.5087137663141376e-05,1.0,0.3034592173989095,0.018541154736496653,1.931737107371614,0.4392333201092928,arithmetic,23,0
280,0.9965937582891277,0.08246745381756224,0.00680088093915176,0.9898361495135689,0,1.1534760002707145e-06,0.008809133166750253,0.012522958006312694,278,3619560,7.680491551459293e-05,0.9602484472049689,0.2503837570023477,0.017851475917680774,1.9406734394026313,0.42250100413084296,arithmetic,23,1
280,0.9960326482740202,0.08898855865920156,0.007918963572242158,0.9914746543778802,0,5.058024170612185e-07,0.008092791227220734,0.011511095968002465,84,3619560,2.3207240659085633e-05,0.979503105590062,0.26763700558880427,0.016350918186837034,1.9347158847152868,0.3865501639907526,arithmetic,23,2
280,0.9913684292814255,0.1311054439147311,0.017188637424078702,0.9702764976958526,0,9.461036709623727e-08,0.007751810834749077,0.011077965126469583,1183,3619560,0.00032683530594878934,4.9853767215771,1.0363265783162006,0.015832442124186198,3.6207038612339195,0.49419657760886954,loose,23,0
280,0.9901513161207688,0.14000132565197274,0.019600371184309726,0.9707373271889401,0,2.996858011750092e-07,0.007107738017520337,0.01017001877446674,1286,3619560,0.00035529180342362053,5.130718336483932,1.0469287095808926,0.014371838121839793,3.7070884042004226,0.45037448678805136,loose,23,1
280,0.9911658143705669,0.1326285354783444,0.01759032842313046,0.969815668202765,0,2.4293918610140963e-07,0.007435460835790341,0.01062804752206445,1245,3619560,0.00034396445976859065,5.11124763705104,1.0442941481357928,0.015162608074524641,3.67208777041227,0.4703256201796135,loose,23,2
280,0.9969821186255299,0.07763153444928206,0.006026655140950066,0.9908090117767537,0,5.543592784817974e-07,0.0093850053414945,0.01333641394329093,119,3619560,3.287692426703798e-05,0.9988252768025924,0.2764375688076067,0.01897344604735449,1.9935467372528186,0.45187117130545673,m2matched,23,0
280,0.9973221058011498,0.07313424150396361,0.005348617280360073,0.9907066052227342,0,6.30734451334547e-08,0.010042158781016242,0.01426538675278798,65,3619560,1.7957983843340073e-05,0.9876856602754523,0.2811747781704379,0.020266005053988997,1.9496097714336493,0.49212746417344855,m2matched,23,1
280,0.9975283951833601,0.07026450599634224,0.004937100802910014,0.992626728110599,0,4.654785366042802e-07,0.009570206430694362,0.01359214348736968,50,3619560,1.381383372564621e-05,0.9832433162300837,0.2651387905601706,0.019340203117055386,1.9086515829581523,0.4633118070193266,m2matched,23,2
280,0.9969999464758037,0.07740223980767377,0.005991106727244638,0.9906298003072197,0,1.0066690934174005e-06,0.009858296820066463,0.014008726838900306,101,3619560,2.7903944125805348e-05,0.9670807453416149,0.30332376492129254,0.019916226146539234,1.9086515829581523,0.4768550616048572,marginal,23,0
280,0.9971192812130428,0.07584944978827936,0.005753139033184712,0.9921915002560164,0,3.8797288737235647e-07,0.009202090908415055,0.013074687484200787,63,3619560,1.7405430494314225e-05,0.9416419119632731,0.25486589211346383,0.01855330392937483,1.857267673779802,0.4373099790151477,marginal,23,1
280,0.9964901569026838,0.08371001849279823,0.007007367196064622,0.9901433691756273,0,7.498353886692399e-07,0.008720469487169586,0.01239820364458397,126,3619560,3.481086098862845e-05,0.9542398055630569,0.27288199094178267,0.017649122483433827,1.8729062548340822,0.41157754269013525,marginal,23,2
280,0.9984025763222365,0.056500403477504825,0.0031922955931208397,0.9954941116231438,0,5.681557024850292e-08,0.008140845502542059,0.01155196146760902,5,3619560,1.3813833725646212e-06,0.9982041587901701,0.14974168032718724,0.01640983368517153,2.0546116727981047,0.4066597056972814,sigshuffle,23,0
280,0.9981682981961651,0.06049833449089035,0.0036600484761716537,0.994342037890425,0,9.289823992286728e-07,0.007516008083412326,0.010667812597953066,11,3619560,3.0390434196421663e-06,0.9915879017013233,0.14988156118111184,0.015157929881032511,2.015887567330362,0.36757361080623807,sigshuffle,23,1
280,0.9979083426831085,0.0646447182950914,0.004178939603451725,0.9940092165898617,0,2.109557362128811e-07,0.007206050277142997,0.010230539731660911,8,3619560,2.210213396103394e-06,0.9871455576559547,0.15252837447519246,0.014559188280264075,2.0017383749479176,0.35752774291867445,sigshuffle,23,2
280,0.9963419801345108,0.0854555944432069,0.0073026586216418535,0.9891961085509473,0,9.741964435150408e-07,0.00909830679864095,0.01293731223730911,146,3619560,4.0336394478886935e-05,1.0099378881987577,0.28019282406398305,0.018356601198953736,1.9518438544414034,0.43499265667087594,maxmatched,23,0
280,0.9956575774560603,0.09309129096929082,0.008665988454329166,0.9885560675883257,0,6.05322441726841e-07,0.008665877576262103,0.012330890977490102,174,3619560,4.8072141365248815e-05,1.0362273832028084,0.2781926430401304,0.017489573676876362,1.9972702089324093,0.417451493922554,maxmatched,23,1
280,0.9965735520211608,0.08271127741684653,0.0068411554119265465,0.9910138248847926,0,5.537071006145311e-07,0.009236910766515826,0.013131347751519902,105,3619560,2.9009050823857045e-05,1.0287874696192278,0.28543764783586256,0.018639163606440773,1.950354465769567,0.4499821301785611,maxmatched,23,2
280,0.9966248002488327,0.08209145831920987,0.0067390075289745725,0.9872759856630824,0,7.230366581012504e-07,0.007667103023311692,0.010899122171492427,239,3619560,6.603012520858889e-05,0.9783251231527093,0.2722779126456532,0.015460848651756866,2.0074992452212,0.42446254877569556,arithmetic,29,0
280,0.9965664228033269,0.08279713123641759,0.0068553649409805574,0.9893241167434715,0,2.102347473886823e-07,0.007302377161211236,0.010381256495479503,202,3619560,5.5807888251610695e-05,0.9445812807881774,0.23348077822256108,0.014722581281386725,2.0194368026754392,0.40236753166958183,arithmetic,29,1
280,0.9963032841420536,0.08590556447494113,0.007379766007758267,0.9864823348694316,0,1.3351379335446723e-07,0.007513075560119752,0.010683611984369162,176,3619560,4.862469471427466e-05,0.9719211822660098,0.26065165471874935,0.015142735752277092,2.0293847672206384,0.4167921462477685,arithmetic,29,2
280,0.9913206234303428,0.13146642750785006,0.0172834215616768,0.9723246287762417,0,3.2268519545297636e-07,0.006150947113317165,0.008790625194407783,1220,3619560,0.0003370575429057676,5.076133854255139,0.9140970479604179,0.012441266484893722,3.7212019375408496,0.4381116916129243,loose,29,0
280,0.9907232955960318,0.13589463404909569,0.01846735156333764,0.9768561187916026,0,6.902844917888729e-08,0.005936056608180235,0.008488629348105563,1098,3619560,0.00030335178861519077,5.23935790725327,0.8604464702030435,0.01172393166772835,3.735792285540476,0.4153920805420566,loose,29,1
280,0.9918622788110626,0.127315434538496,0.01620921987172606,0.9755504352278546,0,7.734500498957075e-07,0.006131358229271363,0.008757844476836451,966,3619560,0.0002668832675794848,5.101443859351113,0.9363921967782545,0.012328673797472985,3.7212019375408496,0.43529162654563663,loose,29,2
280,0.9979704335757568,0.06367898953827898,0.004055013708616245,0.9930363543266769,0,1.0305979030178491e-06,0.00876258631043251,0.012439603726606492,73,3619560,2.0168197239443468e-05,0.9603618141668083,0.2452855402723008,0.017657043354794087,2.0426487199475707,0.49230532398066185,m2matched,29,0
280,0.9977095540108175,0.06764352027752445,0.004575645835535861,0.9913978494623656,0,9.547108681395855e-07,0.0087139002232261,0.012373722260996565,97,3619560,2.679883742775365e-05,0.9937064718872092,0.25342573851006106,0.017538713134306452,2.095041333218953,0.4921440368335793,m2matched,29,1
280,0.9972811095095896,0.0736911705384181,0.00543038861532222,0.9902201740911418,0,7.734090361477541e-07,0.0081879846259756,0.011631918154253238,157,3619560,4.33754378985291e-05,0.9636826906743673,0.2544397426100877,0.01649009003829703,2.05259668449277,0.46213741326614505,m2matched,29,2
280,0.9963820501756776,0.08498711718674438,0.007222810087713423,0.9896313364055299,0,2.2823419199013983e-07,0.007154949146332196,0.0101735510367719,239,3619560,6.603012520858889e-05,0.9512824868354001,0.23664303866499498,0.014398238816494494,1.9889297114034945,0.3919711235755775,marginal,29,0
280,0.9973336504662232,0.07297663768437829,0.005325589647717022,0.9907834101382489,0,2.598251525043338e-08,0.007693101661687417,0.010928307604799863,114,3619560,3.149554089447336e-05,0.9405384746050621,0.24817086135049293,0.015446921934791672,2.0074992452212,0.4247525876694325,marginal,29,1
280,0.9964743262256437,0.08389825488738928,0.00703891717314934,0.9890424987199181,0,2.5078584520166203e-07,0.00745853638755028,0.010604236645800343,152,3619560,4.1994054525964484e-05,0.9492356038729404,0.24180194788751008,0.014987534050673029,2.018110407402746,0.41346051244996,marginal,29,2
280,0.9984453487885936,0.055739442788959044,0.0031068854824236386,0.9958781362007169,0,6.734712270084486e-07,0.006536387400729404,0.009274818035880882,16,3619560,4.420426792206788e-06,0.9805163920502805,0.12286229588850363,0.013153521634877749,2.133506796127057,0.3703892003645048,sigshuffle,29,0
280,0.9981692139782988,0.060483223012215453,0.0036582202659453888,0.9949820788530466,0,1.8452198435880973e-07,0.0061605341422944085,0.008743918674497985,11,3619560,3.0390434196421663e-06,0.9624511635807711,0.12478514812763432,0.01241535973156798,2.0598918584925827,0.3487461203212551,sigshuffle,29,1
280,0.9977594488598134,0.06690352913681939,0.004476082210961242,0.9949564772145417,0,3.8523969503323485e-07,0.005780261168000993,0.008207549753437106,16,3619560,4.420426792206788e-06,0.953142517411245,0.12015627749008728,0.011612897027250813,2.0273951743115988,0.32222875221556235,sigshuffle,29,2
280,0.9956341287259554,0.09334174690945057,0.008712681716107926,0.9853302611367127,0,6.395300335970688e-07,0.007079872453458074,0.010074362425174442,307,3619560,8.481693907546773e-05,0.9838967215899438,0.24794129760081224,0.01418315052732781,2.024742383766212,0.3898964793408536,maxmatched,29,0
280,0.9959525401843653,0.08988068591366036,0.008078537700310064,0.9865079365079366,0,1.3918534658152737e-07,0.00712901928419238,0.010141053123166772,355,3619560,9.80782194520881e-05,0.9775947001868525,0.2325023964996523,0.014387266372344167,2.04861749867469,0.3952785876541336,maxmatched,29,1
280,0.9953200929950842,0.09663287473865625,0.009337912480256831,0.9857398873527906,0,1.865482206486746e-07,0.006988017719182943,0.009946794325686818,223,3619560,6.16096984163821e-05,0.9584168506879565,0.2568000535908163,0.014006933114890707,1.994235292494268,0.3821716300571628,maxmatched,29,2
