q,signature,pencils,distinct_isogeny_multisets
11,11 11 11 11 11 11 11 11 11 11 11,4,4
11,12 12 12 12 12 12 12 12 12 12 1,2,2
11,14 13 13 12 12 12 11 11 10 8 5,35,35
11,14 13 13 13 12 11 10 9 9 9 8,68,68
11,14 14 13 13 12 12 10 10 9 7 7,18,18
11,14 14 13 13 13 12 12 11 9 6 4,8,8
11,14 14 14 13 12 11 10 10 10 9 4,21,21
11,14 14 14 13 12 11 11 11 9 7 5,14,14
11,14 14 14 13 12 12 12 9 8 7 6,15,15
11,14 14 14 13 13 13 11 10 8 6 5,4,4
11,15 13 12 12 11 11 11 10 10 9 7,82,82
11,15 13 13 13 12 11 10 10 10 8 6,38,38
11,15 13 13 13 12 12 12 10 9 7 5,12,12
11,15 14 12 12 12 11 11 11 9 8 6,33,33
11,15 14 13 13 11 11 11 9 9 8 7,20,20
11,15 14 13 13 13 12 11 8 8 7 7,12,12
11,15 14 13 13 13 12 12 11 9 6 3,2,2
11,15 14 14 12 12 11 11 10 10 6 6,6,6
11,15 14 14 12 12 12 10 10 9 8 5,18,18
11,15 14 14 13 12 11 10 10 10 9 3,18,18
11,15 14 14 13 12 11 11 10 7 7 7,14,14
11,15 14 14 13 13 11 11 10 8 8 4,4,4
11,15 14 14 14 12 11 10 8 8 8 7,16,16
11,15 14 14 14 12 11 10 10 10 9 2,4,4
11,15 14 14 14 13 11 11 9 8 6 6,9,9
11,15 14 14 14 13 12 9 9 8 8 5,7,7
11,15 14 14 14 13 13 12 10 7 5 4,5,5
11,15 15 13 12 12 10 10 9 9 8 8,15,15
11,15 15 13 12 12 12 11 9 9 7 6,10,10
11,15 15 14 13 12 12 11 8 8 8 5,3,3
11,15 15 14 13 12 12 12 10 8 6 4,8,8
11,15 15 14 14 11 10 9 9 9 8 7,8,8
11,15 15 14 14 14 12 11 9 7 6 4,4,4
11,15 15 15 12 11 11 10 9 8 8 7,14,14
11,15 15 15 13 12 12 12 10 8 6 3,3,3
11,15 15 15 14 11 10 10 10 8 7 6,10,10
11,15 15 15 14 13 10 10 9 9 6 5,10,10
11,16 13 13 12 12 12 11 11 10 8 3,5,5
11,16 13 13 13 12 11 11 11 8 7 6,14,14
11,16 13 13 13 12 12 12 10 9 7 4,4,4
11,16 14 12 12 12 11 10 9 9 9 7,37,37
11,16 14 13 11 11 11 10 10 10 8 7,41,41
11,16 14 13 12 12 12 11 11 10 8 2,7,7
11,16 14 13 13 11 11 10 10 9 9 5,10,10
11,16 14 13 13 13 12 10 10 8 7 5,15,15
11,16 14 14 12 11 11 11 10 8 8 6,16,16
11,16 14 14 12 12 12 10 10 9 8 4,14,13
11,16 14 14 13 13 12 12 8 8 6 5,5,5
11,16 14 14 14 12 12 11 10 7 6 5,7,7
11,16 14 14 14 13 10 9 9 9 7 6,8,8
11,16 14 14 14 13 12 9 9 8 8 4,3,3
11,16 14 14 14 13 13 11 10 8 6 2,2,2
11,16 15 12 12 12 11 10 10 10 7 6,21,21
11,16 15 13 13 11 10 10 10 9 7 7,12,12
11,16 15 13 13 13 12 9 8 8 8 6,5,5
11,16 15 14 11 11 11 10 9 9 9 6,12,12
11,16 15 14 12 12 12 10 10 9 8 3,7,7
11,16 15 14 12 12 12 11 8 7 7 7,7,7
11,16 15 14 13 10 10 10 9 8 8 8,18,18
11,16 15 14 13 12 11 10 9 8 7 6,70,70
11,16 15 14 13 12 11 11 11 10 4 4,5,5
11,16 15 14 13 12 12 11 8 8 8 4,2,2
11,16 15 14 13 13 13 12 7 6 6 6,4,4
11,16 15 14 14 12 12 10 10 9 8 1,3,3
11,16 15 14 14 12 12 11 9 9 5 4,4,4
11,16 15 14 14 13 10 10 10 7 6 6,2,2
11,16 15 14 14 13 12 9 9 8 8 3,2,2
11,16 15 14 14 14 11 10 9 8 5 5,5,5
11,16 15 14 14 14 12 9 9 8 8 2,3,3
11,16 15 14 14 14 12 10 8 6 6 6,3,3
11,16 15 15 12 11 10 10 10 9 8 5,13,13
11,16 15 15 13 12 12 11 8 8 8 3,5,5
11,16 15 15 14 11 11 11 8 7 7 6,4,4
11,16 15 15 14 13 10 10 9 9 6 4,3,3
11,16 15 15 14 14 10 10 8 7 7 5,2,2
11,16 16 12 12 11 11 10 10 8 8 7,9,9
11,16 16 13 12 11 11 11 10 9 6 6,9,9
11,16 16 13 12 12 11 10 9 9 8 5,19,19
11,16 16 13 13 13 12 10 10 8 7 3,2,2
11,16 16 14 13 11 11 9 8 8 8 7,9,9
11,16 16 14 13 11 11 10 10 9 9 2,2,2
11,16 16 14 13 12 10 10 10 9 6 5,9,9
11,16 16 14 13 12 12 12 11 6 5 4,4,4
11,16 16 14 13 13 12 10 10 8 7 2,3,3
11,16 16 14 14 12 12 11 10 7 6 3,3,3
11,16 16 14 14 13 12 9 8 7 7 5,3,3
11,16 16 14 14 14 11 10 9 8 5 4,3,3
11,16 16 15 12 11 10 10 10 9 8 4,8,8
11,16 16 15 12 11 11 11 9 8 7 5,4,4
11,16 16 15 12 12 12 9 8 8 7 6,3,3
11,16 16 15 13 13 11 10 8 8 6 5,6,6
11,16 16 15 13 13 12 10 10 6 6 4,2,2
11,16 16 16 14 12 10 8 8 8 7 6,2,2
11,16 16 16 14 12 10 10 10 9 6 2,2,2
11,16 16 16 14 13 11 9 8 6 6 6,2,2
11,16 16 16 15 10 9 9 9 8 7 6,3,3
11,17 13 13 12 12 11 11 9 9 8 6,10,10
11,17 13 13 13 12 11 10 10 10 8 4,5,5
11,17 14 12 11 11 10 10 10 9 9 8,41,40
11,17 14 12 12 12 11 11 11 9 8 4,7,7
11,17 14 13 12 12 10 10 10 8 8 7,21,21
11,17 14 13 12 12 12 11 10 7 7 6,11,11
11,17 14 13 13 12 11 10 10 9 6 6,13,13
11,17 14 14 12 11 11 11 10 8 8 5,6,6
11,17 14 14 13 13 10 9 8 8 8 7,6,6
11,17 14 14 14 11 10 10 9 8 7 7,5,5
11,17 14 14 14 13 11 11 9 8 6 4,3,3
11,17 15 12 12 12 11 10 10 10 7 5,6,6
11,17 15 13 11 11 11 10 9 8 8 8,16,16
11,17 15 13 12 10 10 10 9 9 9 7,14,14
11,17 15 13 12 12 12 11 9 9 7 4,2,2
11,17 15 14 12 12 10 9 9 9 8 6,14,14
11,17 15 14 13 11 11 11 10 7 6 6,4,4
11,17 15 14 13 12 11 10 9 8 7 5,5,5
11,17 15 14 13 12 12 12 10 8 4 4,2,2
11,17 15 14 14 13 10 10 10 7 6 5,3,3
11,17 15 14 14 14 12 10 8 6 6 5,2,2
11,17 15 15 14 11 10 10 10 8 7 4,5,5
11,17 15 15 14 12 12 8 8 7 7 6,3,3
11,17 15 15 14 13 10 9 8 8 6 6,2,2
11,17 16 12 12 12 11 10 10 10 7 4,5,5
11,17 16 13 12 11 11 11 10 9 6 5,12,12
11,17 16 13 12 12 12 10 9 8 6 6,10,10
11,17 16 13 13 12 12 9 8 7 7 7,4,4
11,17 16 14 12 11 9 9 9 8 8 8,6,6
11,17 16 14 13 12 10 10 10 9 5 5,2,2
11,17 16 14 13 12 11 10 9 8 7 4,13,13
11,17 16 14 14 10 10 9 9 8 8 6,3,3
11,17 16 14 14 12 12 11 10 7 5 3,2,2
11,17 16 14 14 13 10 10 10 7 6 4,4,4
11,17 16 14 14 14 12 10 8 6 6 4,2,2
11,17 16 15 12 11 10 10 8 8 8 6,5,5
11,17 16 15 14 14 13 8 7 7 7 3,2,2
11,17 16 15 15 12 11 10 9 6 6 4,2,2
11,17 16 16 13 12 10 10 10 9 5 3,3,3
11,17 16 16 14 12 10 8 8 8 7 5,2,2
11,17 17 13 12 12 12 10 9 8 6 5,2,2
11,17 17 14 12 12 10 9 9 9 8 4,2,2
11,17 17 14 13 12 11 8 8 8 7 6,2,2
11,17 17 16 14 13 11 9 8 6 5 5,2,2
11,17 17 16 15 12 11 10 9 6 4 4,2,2
11,17 17 16 16 13 10 8 7 7 6 4,2,2
11,18 13 12 12 11 11 11 10 10 9 4,7,7
11,18 13 12 12 12 11 10 9 8 8 8,18,18
11,18 14 12 12 12 11 10 9 9 9 5,5,5
11,18 14 13 11 11 11 10 10 10 8 5,8,8
11,18 14 13 12 12 10 10 10 8 8 6,9,9
11,18 14 13 12 12 12 11 10 7 6 6,5,5
11,18 14 13 13 11 11 11 9 9 8 4,6,6
11,18 14 13 13 12 12 10 10 9 7 3,2,2
11,18 14 14 12 11 11 9 9 8 8 7,4,4
11,18 14 14 13 12 11 11 10 7 7 4,2,2
11,18 14 14 13 13 10 9 8 8 8 6,3,3
11,18 14 14 14 11 10 10 9 8 7 6,4,4
11,18 14 14 14 12 11 10 8 8 8 4,3,3
11,18 15 13 12 10 10 10 9 9 9 6,9,9
11,18 15 13 13 11 10 10 10 9 7 5,8,8
11,18 15 14 12 12 12 11 8 7 7 5,5,5
11,18 15 14 13 12 11 10 9 8 6 5,13,13
11,18 15 14 14 12 11 10 8 8 8 3,3,3
11,18 15 15 13 12 10 10 8 7 7 6,2,2
11,18 15 15 14 11 10 10 10 8 6 4,3,3
11,18 16 12 12 11 11 10 10 8 8 5,2,2
11,18 16 12 12 12 11 10 10 10 6 4,2,2
11,18 16 13 11 10 10 9 9 9 8 8,9,9
11,18 16 13 13 12 12 9 8 7 7 6,3,3
11,18 16 14 12 10 10 10 9 8 7 7,7,7
11,18 16 14 12 12 12 11 8 7 7 4,2,2
11,18 16 14 13 12 11 10 9 8 6 4,6,6
11,18 16 14 14 13 10 10 10 6 6 4,2,2
11,18 16 14 14 14 10 9 9 9 6 2,2,2
11,18 16 15 15 14 12 9 6 6 5 5,2,2
11,18 16 16 12 12 10 9 9 7 6 6,2,2
11,18 16 16 14 12 10 8 8 8 6 5,7,7
11,18 17 13 13 11 10 10 8 8 7 6,3,3
11,18 17 14 12 12 10 10 10 8 8 2,2,2
11,18 17 14 13 12 11 8 8 8 6 6,4,4
11,18 17 14 13 12 11 10 9 8 5 4,2,2
11,18 17 14 14 11 10 10 9 8 7 3,2,2
11,18 17 15 12 10 9 9 8 8 8 7,4,4
11,18 17 15 12 12 11 11 8 6 6 5,2,2
11,18 17 16 11 10 10 10 9 8 6 6,3,3
11,18 18 12 11 11 11 10 9 8 7 6,3,3
11,18 18 14 13 12 9 9 9 8 7 4,2,2
11,18 18 16 13 12 11 10 7 6 5 5,2,2
11,19 13 12 12 12 11 10 9 8 8 7,16,16
11,19 14 12 11 11 10 10 10 9 9 6,3,3
11,19 14 13 12 12 10 10 10 8 7 6,8,8
11,19 14 14 13 13 10 9 8 8 7 6,2,2
11,19 14 14 14 11 10 10 9 7 7 6,3,3
11,19 14 14 14 12 11 10 8 8 7 4,3,3
11,19 15 14 12 12 10 9 9 9 6 6,2,2
11,19 15 14 13 12 12 11 8 8 5 4,2,2
11,19 16 12 12 11 11 10 10 8 7 5,4,4
11,19 16 13 11 10 10 9 9 9 8 7,6,6
11,19 16 14 12 10 10 10 9 7 7 7,3,3
11,19 16 14 12 11 11 11 10 8 6 3,2,2
11,19 16 14 13 10 10 10 9 8 8 4,3,3
11,19 16 15 12 11 10 10 8 8 6 6,3,3
11,20 13 12 12 12 11 10 8 8 8 7,3,3
11,20 14 12 11 11 10 10 10 9 8 6,4,4
11,20 14 13 13 12 11 10 9 9 8 2,2,2
11,20 15 13 12 10 10 10 9 9 7 6,3,3
11,20 16 13 12 12 12 10 8 6 6 6,2,2
11,20 16 14 12 11 9 9 8 8 8 6,2,2
11,20 17 13 12 10 10 10 9 9 7 4,3,3
11,21 10 10 10 10 10 10 10 10 10 10,3,3
11,21 14 13 12 12 10 10 8 8 7 6,3,3
11,21 15 12 12 12 11 10 10 7 6 5,2,2
13,13 13 13 13 13 13 13 13 13 13 13 13 13,7,4
13,15 15 15 15 14 14 13 13 13 12 12 9 9,54,54
13,16 16 16 14 14 14 13 13 13 11 11 11 7,8,8
13,16 16 16 15 15 14 14 13 12 12 11 8 7,19,19
13,16 16 16 15 15 14 14 14 13 13 10 10 3,6,6
13,16 16 16 15 15 15 13 11 11 11 10 10 10,8,8
13,16 16 16 16 13 13 13 13 12 12 12 12 5,9,9
13,16 16 16 16 15 14 14 14 13 13 10 10 2,2,2
13,16 16 16 16 15 15 14 14 11 11 11 7 7,4,4
13,17 15 15 15 15 12 12 12 12 11 11 11 11,26,26
13,17 16 15 15 15 14 13 13 13 12 11 8 7,8,8
13,17 16 16 15 14 13 13 13 12 11 10 10 9,18,18
13,17 16 16 15 14 14 13 13 12 12 11 10 6,59,59
13,17 16 16 15 15 13 13 13 13 12 10 9 7,18,18
13,17 16 16 15 15 15 14 13 12 12 9 9 6,8,8
13,17 16 16 15 15 15 15 14 14 9 9 7 7,2,2
13,17 16 16 16 15 14 13 13 13 11 11 8 6,6,6
13,17 16 16 16 15 14 14 14 13 12 9 8 5,2,2
13,17 16 16 16 15 15 15 12 11 10 10 9 7,10,10
13,17 16 16 16 15 15 15 14 12 10 9 8 6,3,3
13,17 16 16 16 16 15 13 12 12 11 9 9 7,10,10
13,17 17 15 15 14 14 14 14 12 10 10 9 8,14,14
13,17 17 15 15 15 14 14 14 12 12 12 8 4,2,2
13,17 17 16 15 13 13 12 12 12 12 11 10 9,48,48
13,17 17 16 15 14 14 14 13 12 11 11 10 5,4,4
13,17 17 16 15 15 14 13 13 11 10 10 9 9,18,18
13,17 17 16 16 14 14 13 12 12 10 10 9 9,11,11
13,17 17 16 16 14 14 14 14 11 11 9 9 7,5,5
13,17 17 16 16 14 14 14 14 13 11 10 8 5,3,3
13,17 17 16 16 15 15 14 13 13 12 9 8 4,4,4
13,17 17 16 16 15 15 14 14 11 11 9 7 7,3,3
13,17 17 16 16 15 15 15 14 14 11 11 4 4,2,2
13,17 17 16 16 16 14 12 12 12 11 11 11 4,2,2
13,17 17 16 16 16 14 14 13 12 11 9 8 6,4,4
13,17 17 16 16 16 15 14 13 13 10 10 7 5,3,3
13,17 17 16 16 16 16 15 15 10 10 8 8 5,2,2
13,17 17 17 16 15 14 13 12 11 10 10 10 7,5,5
13,17 17 17 16 15 14 13 13 13 11 9 8 6,6,6
13,17 17 17 17 14 14 12 12 11 11 11 8 8,5,5
13,17 17 17 17 15 15 13 13 10 10 9 8 8,2,2
13,17 17 17 17 16 14 13 12 11 10 9 9 7,7,7
13,18 16 15 15 14 13 13 12 12 11 11 10 9,117,117
13,18 16 15 15 14 14 14 13 12 11 11 8 8,34,34
13,18 16 15 15 15 14 13 12 12 12 10 10 7,25,25
13,18 16 15 15 15 14 14 14 13 11 9 8 7,8,8
13,18 16 16 15 14 14 14 14 12 11 10 9 6,12,12
13,18 16 16 15 15 14 14 13 13 10 9 9 7,5,5
13,18 16 16 15 15 15 13 13 12 11 10 8 7,8,8
13,18 16 16 15 15 15 14 14 12 11 10 7 6,2,2
13,18 16 16 16 13 13 13 13 12 12 12 12 3,5,5
13,18 16 16 16 15 14 13 12 12 12 10 8 7,7,7
13,18 16 16 16 15 14 14 14 13 12 9 8 4,2,2
13,18 16 16 16 16 15 14 14 12 10 9 8 5,3,3
13,18 17 15 15 14 13 13 13 13 11 10 9 8,18,18
13,18 17 15 15 14 14 14 13 13 11 10 9 6,4,4
13,18 17 15 15 14 14 14 14 13 12 11 6 6,7,7
13,18 17 16 14 14 13 13 13 12 12 10 9 8,10,10
13,18 17 16 14 14 13 13 13 13 12 11 10 5,20,20
13,18 17 16 15 14 14 12 12 12 11 10 9 9,27,27
13,18 17 16 15 14 14 14 13 12 11 11 10 4,5,5
13,18 17 16 15 14 14 14 14 13 12 8 7 7,4,4
13,18 17 16 15 15 13 13 13 12 11 10 10 6,6,6
13,18 17 16 15 15 14 14 13 13 12 11 7 4,3,3
13,18 17 16 15 15 15 12 12 12 11 10 9 7,3,3
13,18 17 16 15 15 15 14 11 11 10 10 9 8,10,10
13,18 17 16 16 14 14 14 13 12 11 11 7 6,4,4
13,18 17 16 16 14 14 14 14 13 11 10 8 4,5,5
13,18 17 16 16 15 14 13 12 11 11 9 9 8,27,27
13,18 17 16 16 15 14 14 12 11 11 10 10 5,9,9
13,18 17 16 16 15 14 14 14 13 12 9 8 3,2,2
13,18 17 16 16 15 15 14 12 12 10 9 8 7,2,2
13,18 17 16 16 15 15 14 14 13 12 8 6 5,3,3
13,18 17 16 16 16 15 12 12 11 11 10 9 6,4,4
13,18 17 16 16 16 15 14 11 11 10 9 8 8,2,2
13,18 17 16 16 16 16 13 11 10 10 9 9 8,6,6
13,18 17 16 16 16 16 15 14 10 9 9 7 6,2,2
13,18 17 17 15 14 13 12 11 11 11 11 10 9,16,16
13,18 17 17 15 14 14 13 13 12 10 9 9 8,15,15
13,18 17 17 15 15 13 13 12 12 11 10 8 8,7,7
13,18 17 17 15 15 14 12 12 11 11 10 10 7,13,13
13,18 17 17 15 15 15 15 12 12 10 10 8 5,5,5
13,18 17 17 16 14 13 12 12 12 11 11 9 7,11,11
13,18 17 17 16 15 14 12 12 12 12 10 7 7,4,4
13,18 17 17 16 15 14 13 12 12 10 10 9 6,20,20
13,18 17 17 16 15 14 14 14 12 10 8 8 6,2,2
13,18 17 17 16 16 15 12 11 10 10 10 10 7,4,4
13,18 17 17 16 16 15 13 12 12 11 8 7 7,4,4
13,18 17 17 16 16 16 13 12 11 11 10 8 4,2,2
13,18 17 17 17 16 14 13 13 12 10 10 8 4,6,6
13,18 17 17 17 17 14 12 11 11 10 10 9 6,6,6
13,18 18 14 14 14 14 13 13 12 12 9 9 9,11,11
13,18 18 15 14 14 13 13 13 13 12 12 7 7,5,5
13,18 18 15 15 14 14 13 13 12 12 9 9 7,5,5
13,18 18 16 14 14 13 13 13 13 12 11 10 4,3,3
13,18 18 16 15 14 13 12 12 12 12 11 10 6,18,18
13,18 18 16 15 14 14 13 12 11 11 11 9 7,9,9
13,18 18 16 15 15 14 13 12 10 10 10 10 8,18,18
13,18 18 16 15 15 14 13 13 12 12 8 8 7,7,7
13,18 18 16 15 15 14 14 12 12 11 10 7 7,4,4
13,18 18 16 15 15 14 14 13 11 10 10 9 6,9,9
13,18 18 16 16 13 12 12 11 11 11 11 10 10,13,13
13,18 18 16 16 14 13 13 12 12 10 10 9 8,12,12
13,18 18 16 16 14 14 13 13 12 11 9 9 6,5,5
13,18 18 16 16 15 13 13 12 12 11 11 8 6,4,4
13,18 18 16 16 15 14 14 12 11 11 10 10 4,3,3
13,18 18 16 16 15 14 14 12 12 11 11 6 6,3,3
13,18 18 16 16 16 14 14 13 11 10 9 8 6,2,2
13,18 18 16 16 16 15 14 14 12 10 9 8 3,3,3
13,18 18 16 16 16 16 14 13 12 11 8 7 4,4,4
13,18 18 16 16 16 16 15 13 12 10 7 6 6,2,2
13,18 18 17 15 14 13 13 13 12 12 10 8 6,4,4
13,18 18 17 15 14 14 14 13 11 10 10 8 7,4,4
13,18 18 17 15 15 13 12 12 11 10 10 9 9,13,13
13,18 18 17 15 15 14 14 12 11 10 9 8 8,4,4
13,18 18 17 15 15 14 14 13 13 10 8 7 7,4,4
13,18 18 17 16 14 14 13 13 10 10 10 9 7,2,2
13,18 18 17 16 14 14 14 12 12 11 10 8 5,4,4
13,18 18 17 16 15 14 13 12 11 11 11 8 5,3,3
13,18 18 17 16 15 14 13 13 11 11 10 7 6,7,7
13,18 18 17 16 15 15 12 11 10 10 10 9 8,2,2
13,18 18 17 16 16 12 12 12 12 10 10 8 8,9,9
13,18 18 17 16 16 14 12 12 12 11 9 8 6,4,4
13,18 18 17 16 16 14 14 12 11 11 10 10 2,2,2
13,18 18 17 17 16 16 13 11 10 10 8 8 7,3,3
13,18 18 18 14 14 14 13 12 12 12 8 8 8,2,2
13,18 18 18 15 15 13 13 12 12 12 9 9 5,2,2
13,18 18 18 16 14 13 12 12 11 11 10 9 7,3,3
13,18 18 18 16 14 14 14 12 12 11 10 8 4,2,2
13,18 18 18 17 15 13 13 12 11 9 9 8 8,4,4
13,18 18 18 18 15 13 12 12 11 11 10 7 6,2,2
13,19 15 15 15 13 13 13 12 12 12 10 10 10,8,8
13,19 15 15 15 14 14 13 13 12 11 11 10 7,18,18
13,19 15 15 15 15 14 14 13 13 10 10 10 6,11,11
13,19 16 15 14 14 14 13 12 12 12 11 10 7,14,14
13,19 16 15 15 14 14 12 12 12 12 11 9 8,32,32
13,19 16 15 15 14 14 14 14 13 13 8 8 6,2,2
13,19 16 15 15 15 14 14 14 11 10 9 9 8,8,8
13,19 16 15 15 15 15 14 12 11 11 10 8 8,5,5
13,19 16 16 14 14 14 14 13 12 12 10 8 7,18,18
13,19 16 16 15 14 14 13 13 12 12 11 10 4,9,9
13,19 16 16 15 14 14 14 14 12 11 10 9 5,4,4
13,19 16 16 15 15 13 13 13 13 10 10 8 8,5,5
13,19 16 16 16 15 14 12 12 12 10 10 9 8,15,15
13,19 16 16 16 15 14 13 12 11 10 9 9 9,5,5
13,19 16 16 16 16 15 13 12 11 10 9 8 8,3,3
13,19 17 15 14 14 14 13 12 11 11 11 9 9,16,16
13,19 17 15 14 14 14 13 13 13 12 10 8 7,5,5
13,19 17 15 15 14 14 13 13 12 12 9 8 8,11,11
13,19 17 15 15 14 14 14 12 12 11 10 9 7,7,7
13,19 17 16 15 14 13 13 13 13 12 11 7 6,6,6
13,19 17 16 15 14 14 13 13 12 12 11 10 3,5,5
13,19 17 16 15 14 14 14 11 11 11 10 9 8,3,3
13,19 17 16 15 15 14 13 12 12 12 10 8 6,7,7
13,19 17 16 15 15 14 14 13 12 10 8 8 8,3,3
13,19 17 16 16 14 14 13 11 11 10 10 9 9,10,10
13,19 17 16 16 14 14 14 12 12 11 9 8 7,2,2
13,19 17 16 16 15 13 12 11 11 11 10 10 8,14,14
13,19 17 16 16 15 14 14 12 10 10 10 9 7,3,3
13,19 17 16 16 15 14 14 13 13 9 9 8 6,3,3
13,19 17 16 16 15 15 13 13 12 11 8 8 6,6,6
13,19 17 16 16 15 15 14 12 11 11 10 7 6,3,3
13,19 17 16 16 15 15 14 14 11 10 10 8 4,2,2
13,19 17 16 16 15 15 14 14 13 12 8 5 5,2,2
13,19 17 16 16 16 14 14 13 12 11 9 8 4,2,2
13,19 17 16 16 16 16 14 12 12 11 10 6 4,3,3
13,19 17 17 14 13 13 12 12 12 12 11 11 6,12,12
13,19 17 17 14 14 13 13 12 12 11 11 8 8,5,5
13,19 17 17 15 14 13 13 12 11 10 10 10 8,8,8
13,19 17 17 15 15 14 14 13 12 10 10 7 6,7,7
13,19 17 17 16 14 14 13 13 12 12 9 7 6,3,3
13,19 17 17 16 15 14 13 12 12 10 10 9 5,5,5
13,19 17 17 16 16 13 13 13 12 10 8 8 7,6,6
13,19 17 17 16 16 14 13 12 11 10 10 7 7,11,11
13,19 17 17 16 16 15 14 12 12 9 8 8 6,5,5
13,19 18 14 14 14 13 13 12 12 11 10 10 9,24,24
13,19 18 15 14 13 13 13 12 11 11 11 10 9,8,8
13,19 18 16 14 13 13 13 12 12 12 11 9 7,5,5
13,19 18 16 14 14 13 13 13 11 11 10 9 8,7,7
13,19 18 16 14 14 14 13 12 11 10 10 10 8,7,7
13,19 18 16 15 14 13 12 12 12 12 11 10 5,9,9
13,19 18 16 15 14 14 13 13 12 10 10 8 7,5,5
13,19 18 16 15 14 14 14 13 13 11 9 7 6,3,3
13,19 18 16 15 14 14 14 14 12 11 10 9 3,2,2
13,19 18 16 15 15 15 14 12 11 11 9 8 6,3,3
13,19 18 16 16 14 13 13 12 11 11 10 10 6,7,7
13,19 18 16 16 14 14 14 13 12 11 11 7 4,2,2
13,19 18 16 16 15 13 12 12 12 11 9 8 8,4,4
13,19 18 16 16 15 13 13 12 12 11 11 8 5,2,2
13,19 18 16 16 15 15 13 12 11 10 9 9 6,6,6
13,19 18 16 16 16 14 14 13 11 10 9 8 5,2,2
13,19 18 16 16 16 14 14 13 12 10 7 7 7,3,3
13,19 18 17 14 14 12 12 12 12 11 10 10 8,12,12
13,19 18 17 15 13 12 12 12 11 11 11 10 8,8,8
13,19 18 17 15 14 13 13 12 12 11 9 9 7,8,8
13,19 18 17 15 14 13 13 13 12 12 10 8 5,2,2
13,19 18 17 15 14 14 12 12 12 10 10 9 7,2,2
13,19 18 17 15 14 14 14 14 13 12 11 6 2,2,2
13,19 18 17 15 15 14 14 11 11 11 10 8 6,4,4
13,19 18 17 16 14 13 12 12 11 11 10 8 8,5,5
13,19 18 17 16 14 14 14 14 12 9 9 7 6,3,3
13,19 18 17 16 15 14 13 12 12 10 10 9 4,3,3
13,19 18 17 16 15 14 14 12 12 11 8 7 6,10,10
13,19 18 17 16 15 14 14 14 12 10 8 8 4,2,2
13,19 18 17 16 15 15 12 12 11 9 9 8 8,2,2
13,19 18 17 16 15 15 13 10 10 10 10 9 7,4,4
13,19 18 17 16 15 15 13 12 12 11 11 6 4,2,2
13,19 18 17 16 16 14 14 13 10 9 8 8 7,6,6
13,19 18 17 16 16 16 14 12 10 10 8 7 6,2,2
13,19 18 17 17 14 14 13 11 11 10 10 8 7,8,8
13,19 18 17 17 16 14 13 13 12 9 8 8 5,2,2
13,19 18 17 17 17 16 15 11 10 10 8 7 4,2,2
13,19 18 18 16 14 12 12 11 11 10 10 9 9,7,7
13,19 18 18 16 15 14 13 12 10 10 10 9 5,3,3
13,19 18 18 16 16 15 12 11 10 10 9 8 7,7,7
13,19 18 18 17 14 13 12 12 12 12 9 7 6,2,2
13,19 18 18 17 14 14 13 13 12 11 8 7 5,3,3
13,19 18 18 17 15 12 11 11 11 10 10 10 7,3,3
13,19 18 18 17 16 14 12 12 12 11 9 8 3,2,2
13,19 18 18 17 17 12 12 11 10 10 9 8 8,4,4
13,19 19 15 15 15 15 12 12 10 10 9 9 9,2,2
13,19 19 16 14 13 13 12 12 12 11 10 9 9,10,10
13,19 19 16 15 15 14 13 12 12 12 10 8 4,3,3
13,19 19 16 16 14 14 13 13 13 10 10 6 6,5,5
13,19 19 16 16 15 15 13 13 12 11 8 8 4,2,2
13,19 19 17 14 14 13 13 11 11 11 11 8 8,4,4
13,19 19 17 15 15 12 12 11 11 10 10 9 9,3,3
13,19 19 18 16 14 14 13 12 10 10 9 9 6,2,2
13,19 19 18 17 14 13 12 12 12 12 9 7 5,3,3
13,19 19 18 18 15 15 13 11 11 8 8 7 7,2,2
13,20 15 15 15 14 14 13 13 12 11 11 10 6,8,8
13,20 16 15 14 14 14 13 12 12 12 11 10 6,6,6
13,20 16 15 15 15 14 13 12 12 12 10 10 5,4,4
13,20 16 16 14 14 13 13 13 13 11 9 9 8,9,9
13,20 16 16 14 14 14 14 13 12 12 10 8 6,12,12
13,20 16 16 15 15 15 13 13 12 11 10 8 5,4,4
13,20 16 16 16 15 14 14 13 12 12 11 8 2,3,3
13,20 16 16 16 16 13 13 11 11 10 10 10 7,4,4
13,20 16 16 16 16 14 14 12 12 9 9 8 7,3,3
13,20 16 16 16 16 15 13 12 12 11 9 9 4,5,5
13,20 17 15 14 14 13 13 13 12 11 10 10 7,18,18
13,20 17 15 14 14 14 13 13 13 12 10 8 6,2,2
13,20 17 15 15 14 14 14 12 12 11 10 9 6,2,2
13,20 17 16 14 14 13 12 12 12 12 10 9 8,15,15
13,20 17 16 15 13 13 12 12 12 11 11 9 8,4,4
13,20 17 16 15 15 14 13 12 11 10 10 8 8,18,18
13,20 17 16 16 14 13 13 12 12 11 9 8 8,15,15
13,20 17 16 16 14 14 12 12 11 11 10 9 7,9,9
13,20 17 16 16 15 14 14 12 10 10 10 9 6,2,2
13,20 17 16 16 15 15 14 12 12 10 9 8 5,3,3
13,20 17 17 15 15 14 12 12 11 11 10 10 5,4,4
13,20 17 17 16 14 14 13 13 11 10 9 8 7,5,5
13,20 17 17 16 15 14 12 12 12 12 10 7 5,4,4
13,20 17 17 16 16 15 14 11 10 9 8 8 8,2,2
13,20 17 17 17 16 14 12 12 11 10 8 8 7,2,2
13,20 18 15 14 14 13 13 11 11 11 11 10 8,7,7
13,20 18 15 14 14 14 13 13 13 10 9 8 8,4,4
13,20 18 15 14 14 14 14 13 11 10 10 9 7,5,5
13,20 18 15 15 14 14 12 12 12 12 9 9 7,2,2
13,20 18 16 14 13 13 13 12 12 12 11 9 6,2,2
13,20 18 16 14 14 13 13 12 12 11 11 8 7,11,11
13,20 18 16 15 14 14 13 12 11 11 11 9 5,6,6
13,20 18 16 15 14 14 13 13 12 10 10 8 6,3,3
13,20 18 16 15 14 14 14 13 13 11 9 6 6,2,2
13,20 18 16 15 15 14 12 11 10 10 10 9 9,4,4
13,20 18 16 15 15 14 13 13 12 12 8 8 5,4,4
13,20 18 16 15 15 14 14 12 12 11 10 7 5,3,3
13,20 18 16 16 14 13 12 12 11 10 9 9 9,5,5
13,20 18 16 16 15 14 12 12 11 11 8 8 8,3,3
13,20 18 16 16 15 15 12 12 12 11 9 7 6,2,2
13,20 18 16 16 15 15 14 12 12 10 9 8 4,3,3
13,20 18 16 16 16 15 13 12 10 9 9 8 7,3,3
13,20 18 17 15 13 13 12 12 12 10 10 9 8,5,5
13,20 18 17 15 13 13 13 12 11 10 9 9 9,6,6
13,20 18 17 15 14 14 13 12 12 10 8 8 8,2,2
13,20 18 17 15 15 14 12 11 11 11 10 8 7,3,3
13,20 18 17 16 14 12 11 11 11 10 10 10 9,3,3
13,20 18 17 16 14 13 12 12 12 11 11 9 4,2,2
13,20 18 17 16 14 14 13 13 10 10 10 9 5,4,4
13,20 18 17 16 14 14 14 14 12 9 9 6 6,2,2
13,20 18 17 16 15 13 12 11 11 10 10 9 7,5,5
13,20 18 17 16 15 13 12 12 10 10 10 8 8,2,2
13,20 18 17 16 15 14 12 12 12 12 10 7 4,2,2
13,20 18 17 16 15 14 14 11 11 10 8 8 7,2,2
13,20 18 17 16 16 13 13 12 10 10 9 9 6,5,5
13,20 18 17 16 16 14 14 13 10 9 8 8 6,2,2
13,20 18 17 17 16 13 12 12 10 9 9 8 8,2,2
13,20 18 17 17 16 14 14 12 9 8 8 8 8,2,2
13,20 18 18 15 14 14 12 12 10 10 9 9 8,2,2
13,20 18 18 16 13 12 12 12 12 11 9 8 8,3,3
13,20 18 18 16 13 13 12 12 10 10 10 10 7,3,3
13,20 18 18 16 16 15 12 11 10 10 9 8 6,4,4
13,20 18 18 17 14 13 12 12 11 10 9 8 7,12,12
13,20 18 18 17 14 13 12 12 12 12 9 6 6,2,2
13,20 18 18 18 15 13 12 12 11 11 10 6 5,2,2
13,20 19 15 14 14 14 13 13 13 12 10 8 4,2,2
13,20 19 15 15 13 13 12 12 12 12 10 8 8,5,5
13,20 19 16 15 13 13 12 11 11 11 11 9 8,6,6
13,20 19 16 15 14 12 12 11 11 11 10 10 8,2,2
13,20 19 16 15 14 14 13 12 11 10 9 9 7,12,12
13,20 19 16 15 15 15 14 14 12 10 8 7 4,2,2
13,20 19 16 16 14 14 12 11 11 10 10 8 8,3,3
13,20 19 17 14 13 13 12 12 10 10 10 10 9,7,7
13,20 19 17 14 14 14 14 13 11 10 9 8 6,3,3
13,20 19 17 15 13 13 12 12 11 11 10 10 6,4,4
13,20 19 17 16 15 14 13 12 12 10 7 7 7,3,3
13,20 19 17 16 16 15 12 11 11 9 8 8 7,3,3
13,20 19 18 14 14 12 12 11 11 11 11 9 7,10,10
13,20 19 18 14 14 14 14 12 12 10 10 7 5,4,4
13,20 19 18 15 14 12 12 11 10 10 10 10 8,4,4
13,20 19 18 16 16 14 11 10 10 10 10 9 6,2,2
13,20 19 18 18 14 13 12 11 10 10 8 8 8,3,3
13,20 19 19 14 14 13 12 12 11 10 10 8 7,4,4
13,20 20 13 13 13 13 12 12 11 11 11 10 10,4,4
13,20 20 15 15 14 14 12 12 11 10 10 8 8,3,3
13,20 20 16 14 14 13 13 12 12 11 11 8 5,2,2
13,20 20 16 15 14 14 13 13 12 11 9 7 5,2,2
13,20 20 16 15 14 14 14 14 11 9 8 8 6,2,2
13,20 20 16 16 13 13 12 12 11 11 10 10 5,3,3
13,20 20 16 16 14 14 12 12 11 11 10 9 4,2,2
13,20 20 16 16 15 13 13 11 10 10 9 8 8,2,2
13,20 20 17 15 14 14 12 12 11 9 9 8 8,3,3
13,20 20 17 16 15 14 13 12 12 10 7 7 6,2,2
13,20 20 17 17 14 12 11 11 10 10 10 9 8,3,3
13,20 20 18 15 14 13 12 12 12 11 8 8 6,3,3
13,20 20 18 16 13 13 12 12 10 10 10 10 5,2,2
13,20 20 18 16 14 14 12 11 10 10 9 8 7,2,2
13,20 20 18 17 15 14 12 10 10 9 9 9 6,2,2
13,20 20 19 14 14 13 12 12 11 10 10 8 6,4,4
13,21 14 14 14 14 13 13 12 12 12 11 11 8,39,39
13,21 16 15 15 14 13 12 12 12 11 10 9 9,4,4
13,21 16 15 15 14 14 12 12 12 12 11 9 6,4,4
13,21 16 15 15 14 14 14 13 12 11 11 8 5,2,2
13,21 16 15 15 15 15 14 12 11 11 10 8 6,3,3
13,21 16 16 15 14 12 12 11 11 11 11 10 9,8,8
13,21 16 16 15 14 14 13 12 12 10 9 9 8,5,5
13,21 16 16 15 15 14 14 13 13 10 10 6 6,3,3
13,21 16 16 16 15 14 12 12 12 10 10 9 6,2,2
13,21 17 15 14 14 13 12 12 11 11 10 10 9,19,19
13,21 17 15 15 14 14 13 13 12 12 9 8 6,2,2
13,21 17 16 14 14 13 12 12 12 12 10 9 7,3,3
13,21 17 16 15 14 14 14 13 10 10 9 9 7,3,3
13,21 17 16 15 15 14 13 12 11 10 10 8 7,9,9
13,21 17 16 16 14 13 12 11 10 10 10 10 9,7,7
13,21 17 16 16 16 14 13 12 11 10 8 8 7,3,3
13,21 17 17 13 13 13 13 12 12 11 11 8 8,4,4
13,21 17 17 16 14 14 12 11 11 10 9 9 8,5,5
13,21 17 17 16 16 15 14 12 12 9 8 6 6,2,2
13,21 18 15 14 14 14 13 13 13 10 9 8 7,4,4
13,21 18 15 15 15 14 13 12 11 10 9 8 8,3,3
13,21 18 16 14 13 13 13 12 11 10 10 10 8,7,7
13,21 18 16 15 15 14 13 12 10 10 10 10 5,3,3
13,21 18 16 15 15 14 14 13 10 9 8 8 8,2,2
13,21 18 16 16 14 13 13 12 12 10 10 9 5,5,5
13,21 18 16 16 15 14 12 12 11 11 8 8 7,2,2
13,21 18 17 14 13 12 12 12 11 10 10 10 9,2,2
13,21 18 17 14 14 12 12 12 12 11 10 10 6,2,2
13,21 18 17 15 14 14 13 12 12 10 8 8 7,2,2
13,21 18 17 15 15 14 14 12 11 10 9 8 5,3,3
13,21 18 17 16 14 13 12 12 11 11 10 8 6,2,2
13,21 18 17 16 14 14 14 12 12 11 10 5 5,2,2
13,21 18 17 16 15 13 12 12 10 10 10 8 7,2,2
13,21 18 17 16 16 12 12 12 12 10 10 8 5,2,2
13,21 18 17 16 16 14 12 12 12 11 9 6 5,2,2
13,21 18 18 14 14 14 14 11 11 9 9 8 8,2,2
13,21 18 18 15 13 12 12 11 11 11 10 9 8,3,3
13,21 18 18 16 14 14 14 12 12 11 10 5 4,2,2
13,21 18 18 16 16 14 11 11 10 10 8 8 8,2,2
13,21 19 15 15 13 13 12 12 12 12 10 8 7,6,6
13,21 19 16 16 15 14 14 10 10 10 10 8 6,2,2
13,21 19 17 14 14 14 13 12 10 10 10 8 7,3,3
13,21 19 17 15 14 13 13 12 12 11 10 6 6,2,2
13,21 19 18 15 14 13 12 12 12 11 8 7 7,3,3
13,21 19 18 15 14 13 13 12 11 10 9 8 6,2,2
13,21 19 18 17 15 12 12 12 11 10 8 8 6,2,2
13,21 19 18 17 16 13 12 10 10 9 8 8 8,2,2
13,21 20 15 15 13 13 12 12 12 12 10 8 6,2,2
13,21 20 17 15 14 14 12 12 11 9 9 8 7,2,2
13,21 20 17 16 15 15 14 12 9 8 8 7 7,2,2
13,22 15 15 15 14 14 14 12 10 10 10 9 9,2,2
13,22 16 15 15 14 13 12 12 12 11 10 9 8,5,5
13,22 16 15 15 14 13 13 12 12 11 11 10 5,4,4
13,22 16 15 15 14 14 12 12 12 12 11 8 6,2,2
13,22 16 16 14 14 13 13 13 13 11 9 8 7,2,2
13,22 16 16 15 14 12 12 11 11 11 11 10 8,3,3
13,22 16 16 15 14 14 13 12 12 10 9 8 8,2,2
13,22 16 16 16 15 14 12 12 12 10 10 8 6,2,2
13,22 17 15 14 14 13 12 12 11 11 10 10 8,6,6
13,22 17 15 14 14 14 13 12 11 11 11 9 6,4,4
13,22 17 16 14 14 13 12 12 12 12 10 8 7,3,3
13,22 17 16 16 14 13 12 11 10 10 10 10 8,2,2
13,22 17 16 16 14 13 13 12 12 11 8 8 7,2,2
13,22 17 16 16 15 14 14 12 10 10 10 7 6,2,2
13,22 17 17 16 14 14 12 11 11 10 9 8 8,3,3
13,22 18 14 14 14 12 12 12 11 11 11 9 9,2,2
13,22 18 14 14 14 13 13 12 12 11 10 10 6,2,2
13,22 18 14 14 14 14 13 13 12 12 9 9 5,3,3
13,22 18 16 14 13 13 13 12 12 12 11 7 6,2,2
13,22 18 16 15 15 13 13 12 10 10 9 8 8,2,2
13,22 18 16 16 14 13 12 12 11 10 9 9 7,2,2
13,22 18 17 14 13 12 12 12 11 10 10 10 8,2,2
13,22 18 17 15 14 14 13 13 12 10 9 8 4,2,2
13,22 18 17 16 16 13 13 12 10 10 9 7 6,2,2
13,22 18 18 15 13 12 12 11 11 11 10 8 8,2,2
13,22 18 18 16 13 12 12 12 12 11 8 8 7,2,2
13,22 18 18 16 14 12 12 11 11 10 10 9 6,2,2
13,22 19 16 14 13 13 12 12 12 11 10 9 6,3,3
13,22 19 16 15 14 14 13 12 11 10 9 7 7,2,2
13,22 20 16 14 13 13 12 11 11 10 10 9 8,6,6
13,22 20 16 14 14 13 12 12 12 12 10 8 4,2,2
13,22 20 16 15 14 14 13 12 11 10 9 7 6,5,5
13,22 20 17 14 14 14 14 13 11 10 8 6 6,3,3
13,23 16 14 14 14 14 11 11 11 11 10 10 10,2,2
13,23 16 16 15 14 14 13 12 12 9 9 8 8,2,2
13,23 17 16 14 14 13 12 12 12 12 9 8 7,2,2
13,23 17 16 16 14 13 12 11 10 10 10 9 8,3,3
13,23 18 14 14 14 13 13 12 12 11 10 9 6,2,2
13,23 18 17 14 13 12 12 12 11 10 10 9 8,2,2
13,23 20 17 16 12 12 12 11 11 10 9 8 8,2,2
13,24 17 15 14 14 13 12 12 11 10 10 9 8,3,3
13,25 16 15 15 14 14 12 12 12 11 9 8 6,2,2
