mu,nu,genus,dm2,dt,mid,sup,inf,tau_sup,tau_inf,sign_changes
USp4,SU2 x SU2,2.0,-1.0,2.0,-0.3195527304,0.0000000000,-0.6391054609,0,2.80221,0
USp4,2.SU2,2.0,-3.0,3.5,-0.6671115648,0.0000000000,-1.3342231296,0,2.20039,0
SU2 x SU2,2.SU2,2.0,-2.0,1.5,-0.3617068090,0.0000000000,-0.7234136180,0,1.69824,0
USp6,SU2 x USp4,3.0,-1.0,4.0,-0.4653155709,0.0000000000,-0.9306311417,0,3.95822,0
USp6,SU2 x SU2 x SU2,3.0,-2.0,6.0,-0.7765060655,0.0000000000,-1.5530121310,0,3.50752,0
USp6,SU2 x 2.SU2,3.0,-4.0,7.5,-1.0998241624,0.0000000000,-2.1996483248,0,2.95121,0
USp6,3.SU2,3.0,-8.0,9.0,-1.5170069534,0.0000000000,-3.0340139068,0,2.39883,0
SU2 x USp4,SU2 x SU2 x SU2,3.0,-1.0,2.0,-0.3195527304,0.0000000000,-0.6391054609,0,2.80221,0
SU2 x USp4,SU2 x 2.SU2,3.0,-3.0,3.5,-0.6671115648,0.0000000000,-1.3342231296,0,2.20039,0
SU2 x USp4,3.SU2,3.0,-7.0,5.0,-1.1256927554,0.0000000000,-2.2513855109,0,1.75792,0
SU2 x SU2 x SU2,SU2 x 2.SU2,3.0,-2.0,1.5,-0.3617068090,0.0000000000,-0.7234136180,0,1.69824,0
SU2 x SU2 x SU2,3.SU2,3.0,-6.0,3.0,-0.8431954235,0.0000000000,-1.6863908470,0,1.40443,0
SU2 x 2.SU2,3.SU2,3.0,-4.0,1.5,-0.4892667468,0.0000000000,-0.9785334936,0,1.20226,0
USp8,USp4 x USp4,4.0,-1.0,8.0,-0.7219961242,0.0000000000,-1.4439922483,0,5.21795,0
USp8,SU2 x USp6,4.0,-1.0,6.0,-0.5530113274,0.0000000000,-1.1060226548,0,5.04081,0
USp8,SU2 x SU2 x USp4,4.0,-2.0,10.0,-1.0122984707,0.0000000000,-2.0245969414,0,4.54465,0
USp8,2.USp4,4.0,-3.0,13.0,-1.4337011705,0.0000000000,-2.8674023411,0,4.09732,0
USp8,SU2 x SU2 x SU2 x SU2,4.0,-3.0,12.0,-1.3122928003,0.0000000000,-2.6245856005,0,4.16869,0
USp8,2.SU2 x USp4,4.0,-4.0,11.5,-1.3035206434,0.0000000000,-2.6070412868,0,3.89045,0
USp8,SU2 x SU2 x 2.SU2,4.0,-5.0,13.5,-1.6131361036,0.0000000000,-3.2262722073,0,3.69403,0
USp8,2.SU2 x 2.SU2,4.0,-7.0,15.0,-1.9273037606,0.0000000000,-3.8546075211,0,3.27341,0
USp8,SU2 x 3.SU2,4.0,-9.0,15.0,-1.9911071908,0.0000000000,-3.9822143816,0,3.10814,0
USp8,4.SU2,4.0,-15.0,16.5,-2.4280185978,0.0000000000,-4.8560371956,0,2.5704,0
USp4 x USp4,SU2 x USp6,4.0,0.0,-2.0,0.1696399880,0.3392799761,0.0000000000,5.59114,0,0
USp4 x USp4,SU2 x SU2 x USp4,4.0,-1.0,2.0,-0.3195527304,0.0000000000,-0.6391054609,0,2.80221,0
USp4 x USp4,2.USp4,4.0,-2.0,5.0,-0.7598257988,0.0000000000,-1.5196515976,0,2.90068,0
USp4 x USp4,SU2 x SU2 x SU2 x SU2,4.0,-2.0,4.0,-0.6391054609,0.0000000000,-1.2782109217,0,2.80221,0
USp4 x USp4,2.SU2 x USp4,4.0,-3.0,3.5,-0.6671115648,0.0000000000,-1.3342231296,0,2.20039,0
USp4 x USp4,SU2 x SU2 x 2.SU2,4.0,-4.0,5.5,-0.9826184858,0.0000000000,-1.9652369716,0,2.39883,0
USp4 x USp4,2.SU2 x 2.SU2,4.0,-6.0,7.0,-1.3342231296,0.0000000000,-2.6684462591,0,2.20039,0
USp4 x USp4,SU2 x 3.SU2,4.0,-8.0,7.0,-1.4272406433,0.0000000000,-2.8544812867,0,2.01837,0
USp4 x USp4,4.SU2,4.0,-14.0,8.5,-1.9374824217,0.0000000000,-3.8749648433,0,1.69824,0
SU2 x USp6,SU2 x SU2 x USp4,4.0,-1.0,4.0,-0.4653155709,0.0000000000,-0.9306311417,0,3.95822,0
SU2 x USp6,2.USp4,4.0,-2.0,7.0,-0.8992125288,0.0000000000,-1.7984250576,0,3.50752,0
SU2 x USp6,SU2 x SU2 x SU2 x SU2,4.0,-2.0,6.0,-0.7765060655,0.0000000000,-1.5530121310,0,3.50752,0
SU2 x USp6,2.SU2 x USp4,4.0,-3.0,5.5,-0.7807933532,0.0000000000,-1.5615867065,0,3.05492,0
SU2 x USp6,SU2 x SU2 x 2.SU2,4.0,-4.0,7.5,-1.0998241624,0.0000000000,-2.1996483248,0,2.95121,0
SU2 x USp6,2.SU2 x 2.SU2,4.0,-6.0,9.0,-1.4370958770,0.0000000000,-2.8741917540,0,2.61517,0
SU2 x USp6,SU2 x 3.SU2,4.0,-8.0,9.0,-1.5170069534,0.0000000000,-3.0340139068,0,2.39883,0
SU2 x USp6,4.SU2,4.0,-14.0,10.5,-2.0028385187,0.0000000000,-4.0056770374,0,1.94984,0
SU2 x SU2 x USp4,2.USp4,4.0,-1.0,3.0,-0.4405916554,0.0000000000,-0.8811833108,0,3.00262,0
SU2 x SU2 x USp4,SU2 x SU2 x SU2 x SU2,4.0,-1.0,2.0,-0.3195527304,0.0000000000,-0.6391054609,0,2.80221,0
SU2 x SU2 x USp4,2.SU2 x USp4,4.0,-2.0,1.5,-0.3617068090,0.0000000000,-0.7234136180,0,1.69824,0
SU2 x SU2 x USp4,SU2 x SU2 x 2.SU2,4.0,-3.0,3.5,-0.6671115648,0.0000000000,-1.3342231296,0,2.20039,0
SU2 x SU2 x USp4,2.SU2 x 2.SU2,4.0,-5.0,5.0,-1.0236290944,0.0000000000,-2.0472581888,0,2.01837,0
SU2 x SU2 x USp4,SU2 x 3.SU2,4.0,-7.0,5.0,-1.1256927554,0.0000000000,-2.2513855109,0,1.75792,0
SU2 x SU2 x USp4,4.SU2,4.0,-13.0,6.5,-1.6543348658,0.0000000000,-3.3086697316,0,1.47911,0
2.USp4,SU2 x SU2 x SU2 x SU2,4.0,0.0,-1.0,0.1227128379,0.2454256759,0.0000000000,3.44747,0,0
2.USp4,2.SU2 x USp4,4.0,-1.0,-1.5,0.0402602397,0.2695748152,-0.1890543358,5.21795,0.6346,1
2.USp4,SU2 x SU2 x 2.SU2,4.0,-2.0,0.5,-0.2867654743,0.0000000000,-0.5735309485,0,1.14156,0
2.USp4,2.SU2 x 2.SU2,4.0,-4.0,2.0,-0.6390984121,0.0000000000,-1.2781968242,0,1.40443,0
2.USp4,SU2 x 3.SU2,4.0,-6.0,2.0,-0.7759136516,0.0000000000,-1.5518273032,0,1.18168,0
2.USp4,4.SU2,4.0,-12.0,3.5,-1.3342326129,0.0000000000,-2.6684652257,0,1.10281,0
SU2 x SU2 x SU2 x SU2,2.SU2 x USp4,4.0,-1.0,-0.5,-0.0906606003,0.0518823237,-0.2332035244,9.54993,0.836566,1
SU2 x SU2 x SU2 x SU2,SU2 x SU2 x 2.SU2,4.0,-2.0,1.5,-0.3617068090,0.0000000000,-0.7234136180,0,1.69824,0
SU2 x SU2 x SU2 x SU2,2.SU2 x 2.SU2,4.0,-4.0,3.0,-0.7234136180,0.0000000000,-1.4468272360,0,1.69824,0
SU2 x SU2 x SU2 x SU2,SU2 x 3.SU2,4.0,-6.0,3.0,-0.8431954235,0.0000000000,-1.6863908470,0,1.40443,0
SU2 x SU2 x SU2 x SU2,4.SU2,4.0,-12.0,4.5,-1.3926210598,0.0000000000,-2.7852421197,0,1.24451,0
2.SU2 x USp4,SU2 x SU2 x 2.SU2,4.0,-1.0,2.0,-0.3195527304,0.0000000000,-0.6391054609,0,2.80221,0
2.SU2 x USp4,2.SU2 x 2.SU2,4.0,-3.0,3.5,-0.6671115648,0.0000000000,-1.3342231296,0,2.20039,0
2.SU2 x USp4,SU2 x 3.SU2,4.0,-5.0,3.5,-0.7642835205,0.0000000000,-1.5285670410,0,1.8197,0
2.SU2 x USp4,4.SU2,4.0,-11.0,5.0,-1.2955774937,0.0000000000,-2.5911549874,0,1.40443,0
SU2 x SU2 x 2.SU2,2.SU2 x 2.SU2,4.0,-2.0,1.5,-0.3617068090,0.0000000000,-0.7234136180,0,1.69824,0
SU2 x SU2 x 2.SU2,SU2 x 3.SU2,4.0,-4.0,1.5,-0.4892667468,0.0000000000,-0.9785334936,0,1.20226,0
SU2 x SU2 x 2.SU2,4.SU2,4.0,-10.0,3.0,-1.0477669266,0.0000000000,-2.0955338532,0,1.08393,0
2.SU2 x 2.SU2,SU2 x 3.SU2,4.0,-2.0,0.0,-0.1704810158,0.0000000000,-0.3409620316,0,0.668344,0
2.SU2 x 2.SU2,4.SU2,4.0,-8.0,1.5,-0.7234117966,0.0000000000,-1.4468235932,0,0.851138,0
SU2 x 3.SU2,4.SU2,4.0,-6.0,1.5,-0.5614880551,0.0000000000,-1.1229761102,0,0.977237,0
USp10,USp4 x USp6,5.0,-1.0,12.0,-0.8921490599,0.0000000000,-1.7842981198,0,6.41948,0
USp10,SU2 x USp8,5.0,-1.0,8.0,-0.6127845722,0.0000000000,-1.2255691443,0,6.09537,0
USp10,SU2 x USp4 x USp4,5.0,-2.0,16.0,-1.3310582043,0.0000000000,-2.6621164087,0,5.59114,0
USp10,SU2 x SU2 x USp6,5.0,-2.0,14.0,-1.1614182163,0.0000000000,-2.3228364326,0,5.59114,0
USp10,SU2 x SU2 x SU2 x USp4,5.0,-3.0,18.0,-1.6114601576,0.0000000000,-3.2229203153,0,5.12861,0
USp10,SU2 x 2.USp4,5.0,-4.0,21.0,-2.0184852212,0.0000000000,-4.0369704425,0,4.70435,0
USp10,SU2 x SU2 x SU2 x SU2 x SU2,5.0,-4.0,20.0,-1.8998188581,0.0000000000,-3.7996377161,0,4.7863,0
USp10,2.SU2 x USp6,5.0,-4.0,15.5,-1.4251010372,0.0000000000,-2.8502020743,0,4.9545,0
USp10,SU2 x 2.SU2 x USp4,5.0,-5.0,19.5,-1.8843981759,0.0000000000,-3.7687963517,0,4.62381,0
USp10,SU2 x SU2 x SU2 x 2.SU2,5.0,-6.0,21.5,-2.1815563027,0.0000000000,-4.3631126054,0,4.31519,0
USp10,SU2 x 2.SU2 x 2.SU2,5.0,-8.0,23.0,-2.4747769301,0.0000000000,-4.9495538602,0,3.95822,0
USp10,USp4 x 3.SU2,5.0,-9.0,21.0,-2.2204637251,0.0000000000,-4.4409274502,0,4.02717,0
USp10,SU2 x SU2 x 3.SU2,5.0,-10.0,23.0,-2.5278634890,0.0000000000,-5.0557269780,0,3.82384,0
USp10,2.SU2 x 3.SU2,5.0,-12.0,24.5,-2.8363906290,0.0000000000,-5.6727812581,0,3.50752,0
USp10,SU2 x 4.SU2,5.0,-16.0,24.5,-2.9224824650,0.0000000000,-5.8449649300,0,3.27341,0
USp10,5.SU2,5.0,-24.0,26.0,-3.3651123950,0.0000000000,-6.7302247900,0,2.70707,0
USp4 x USp6,SU2 x USp8,5.0,0.0,-4.0,0.2804079321,0.5608158641,0.0000000000,6.8786,0,0
USp4 x USp6,SU2 x USp4 x USp4,5.0,-1.0,4.0,-0.4653155709,0.0000000000,-0.9306311417,0,3.95822,0
USp4 x USp6,SU2 x SU2 x USp6,5.0,-1.0,2.0,-0.3195527304,0.0000000000,-0.6391054609,0,2.80221,0
USp4 x USp6,SU2 x SU2 x SU2 x USp4,5.0,-2.0,6.0,-0.7765060655,0.0000000000,-1.5530121310,0,3.50752,0
USp4 x USp6,SU2 x 2.USp4,5.0,-3.0,9.0,-1.2146100716,0.0000000000,-2.4292201432,0,3.27341,0
USp4 x USp6,SU2 x SU2 x SU2 x SU2 x SU2,5.0,-3.0,8.0,-1.0920544090,0.0000000000,-2.1841088181,0,3.27341,0
USp4 x USp6,2.SU2 x USp6,5.0,-3.0,3.5,-0.6671115648,0.0000000000,-1.3342231296,0,2.20039,0
USp4 x USp6,SU2 x 2.SU2 x USp4,5.0,-4.0,7.5,-1.0998241624,0.0000000000,-2.1996483248,0,2.95121,0
USp4 x USp6,SU2 x SU2 x SU2 x 2.SU2,5.0,-5.0,9.5,-1.4191017641,0.0000000000,-2.8382035282,0,2.90068,0
USp4 x USp6,SU2 x 2.SU2 x 2.SU2,5.0,-7.0,11.0,-1.7562894000,0.0000000000,-3.5125788001,0,2.66073,0
USp4 x USp6,USp4 x 3.SU2,5.0,-8.0,9.0,-1.5170069534,0.0000000000,-3.0340139068,0,2.39883,0
USp4 x USp6,SU2 x SU2 x 3.SU2,5.0,-9.0,11.0,-1.8344522293,0.0000000000,-3.6689044585,0,2.48313,0
USp4 x USp6,2.SU2 x 3.SU2,5.0,-11.0,12.5,-2.1832711958,0.0000000000,-4.3665423917,0,2.31739,0
USp4 x USp6,SU2 x 4.SU2,5.0,-15.0,12.5,-2.3103193928,0.0000000000,-4.6206387855,0,2.12569,0
USp4 x USp6,5.SU2,5.0,-23.0,14.0,-2.8363474056,0.0000000000,-5.6726948112,0,1.8197,0
SU2 x USp8,SU2 x USp4 x USp4,5.0,-1.0,8.0,-0.7219961242,0.0000000000,-1.4439922483,0,5.21795,0
SU2 x USp8,SU2 x SU2 x USp6,5.0,-1.0,6.0,-0.5530113274,0.0000000000,-1.1060226548,0,5.04081,0
SU2 x USp8,SU2 x SU2 x SU2 x USp4,5.0,-2.0,10.0,-1.0122984707,0.0000000000,-2.0245969414,0,4.54465,0
SU2 x USp8,SU2 x 2.USp4,5.0,-3.0,13.0,-1.4337011705,0.0000000000,-2.8674023411,0,4.09732,0
SU2 x USp8,SU2 x SU2 x SU2 x SU2 x SU2,5.0,-3.0,12.0,-1.3122928003,0.0000000000,-2.6245856005,0,4.16869,0
SU2 x USp8,2.SU2 x USp6,5.0,-3.0,7.5,-0.8382431813,0.0000000000,-1.6764863626,0,3.89045,0
SU2 x USp8,SU2 x 2.SU2 x USp4,5.0,-4.0,11.5,-1.3035206434,0.0000000000,-2.6070412868,0,3.89045,0
SU2 x USp8,SU2 x SU2 x SU2 x 2.SU2,5.0,-5.0,13.5,-1.6131361036,0.0000000000,-3.2262722073,0,3.69403,0
SU2 x USp8,SU2 x 2.SU2 x 2.SU2,5.0,-7.0,15.0,-1.9273037606,0.0000000000,-3.8546075211,0,3.27341,0
SU2 x USp8,USp4 x 3.SU2,5.0,-8.0,13.0,-1.6732901300,0.0000000000,-3.3465802599,0,3.21736,0
SU2 x USp8,SU2 x SU2 x 3.SU2,5.0,-9.0,15.0,-1.9911071908,0.0000000000,-3.9822143816,0,3.10814,0
SU2 x USp8,2.SU2 x 3.SU2,5.0,-11.0,16.5,-2.3219627187,0.0000000000,-4.6439254374,0,2.85102,0
SU2 x USp8,SU2 x 4.SU2,5.0,-15.0,16.5,-2.4280185978,0.0000000000,-4.8560371956,0,2.5704,0
SU2 x USp8,5.SU2,5.0,-23.0,18.0,-2.9205409928,0.0000000000,-5.8410819855,0,2.12569,0
SU2 x USp4 x USp4,SU2 x SU2 x USp6,5.0,0.0,-2.0,0.1696399880,0.3392799761,0.0000000000,5.59114,0,0
SU2 x USp4 x USp4,SU2 x SU2 x SU2 x USp4,5.0,-1.0,2.0,-0.3195527304,0.0000000000,-0.6391054609,0,2.80221,0
SU2 x USp4 x USp4,SU2 x 2.USp4,5.0,-2.0,5.0,-0.7598257988,0.0000000000,-1.5196515976,0,2.90068,0
SU2 x USp4 x USp4,SU2 x SU2 x SU2 x SU2 x SU2,5.0,-2.0,4.0,-0.6391054609,0.0000000000,-1.2782109217,0,2.80221,0
SU2 x USp4 x USp4,2.SU2 x USp6,5.0,-2.0,-0.5,-0.3189591292,0.0046815000,-0.6425997584,107.152,1.26619,1
SU2 x USp4 x USp4,SU2 x 2.SU2 x USp4,5.0,-3.0,3.5,-0.6671115648,0.0000000000,-1.3342231296,0,2.20039,0
SU2 x USp4 x USp4,SU2 x SU2 x SU2 x 2.SU2,5.0,-4.0,5.5,-0.9826184858,0.0000000000,-1.9652369716,0,2.39883,0
SU2 x USp4 x USp4,SU2 x 2.SU2 x 2.SU2,5.0,-6.0,7.0,-1.3342231296,0.0000000000,-2.6684462591,0,2.20039,0
SU2 x USp4 x USp4,USp4 x 3.SU2,5.0,-7.0,5.0,-1.1256927554,0.0000000000,-2.2513855109,0,1.75792,0
SU2 x USp4 x USp4,SU2 x SU2 x 3.SU2,5.0,-8.0,7.0,-1.4272406433,0.0000000000,-2.8544812867,0,2.01837,0
SU2 x USp4 x USp4,2.SU2 x 3.SU2,5.0,-10.0,8.5,-1.7863886444,0.0000000000,-3.5727772888,0,1.94984,0
SU2 x USp4 x USp4,SU2 x 4.SU2,5.0,-14.0,8.5,-1.9374824217,0.0000000000,-3.8749648433,0,1.69824,0
SU2 x USp4 x USp4,5.SU2,5.0,-22.0,10.0,-2.4970914026,0.0000000000,-4.9941828052,0,1.47911,0
SU2 x SU2 x USp6,SU2 x SU2 x SU2 x USp4,5.0,-1.0,4.0,-0.4653155709,0.0000000000,-0.9306311417,0,3.95822,0
SU2 x SU2 x USp6,SU2 x 2.USp4,5.0,-2.0,7.0,-0.8992125288,0.0000000000,-1.7984250576,0,3.50752,0
SU2 x SU2 x USp6,SU2 x SU2 x SU2 x SU2 x SU2,5.0,-2.0,6.0,-0.7765060655,0.0000000000,-1.5530121310,0,3.50752,0
SU2 x SU2 x USp6,2.SU2 x USp6,5.0,-2.0,1.5,-0.3617068090,0.0000000000,-0.7234136180,0,1.69824,0
SU2 x SU2 x USp6,SU2 x 2.SU2 x USp4,5.0,-3.0,5.5,-0.7807933532,0.0000000000,-1.5615867065,0,3.05492,0
SU2 x SU2 x USp6,SU2 x SU2 x SU2 x 2.SU2,5.0,-4.0,7.5,-1.0998241624,0.0000000000,-2.1996483248,0,2.95121,0
SU2 x SU2 x USp6,SU2 x 2.SU2 x 2.SU2,5.0,-6.0,9.0,-1.4370958770,0.0000000000,-2.8741917540,0,2.61517,0
SU2 x SU2 x USp6,USp4 x 3.SU2,5.0,-7.0,7.0,-1.2014988538,0.0000000000,-2.4029977076,0,2.23872,0
SU2 x SU2 x USp6,SU2 x SU2 x 3.SU2,5.0,-8.0,9.0,-1.5170069534,0.0000000000,-3.0340139068,0,2.39883,0
SU2 x SU2 x USp6,2.SU2 x 3.SU2,5.0,-10.0,10.5,-1.8685904645,0.0000000000,-3.7371809289,0,2.23872,0
SU2 x SU2 x USp6,SU2 x 4.SU2,5.0,-14.0,10.5,-2.0028385187,0.0000000000,-4.0056770374,0,1.94984,0
SU2 x SU2 x USp6,5.SU2,5.0,-22.0,12.0,-2.5446192329,0.0000000000,-5.0892384659,0,1.64059,0
SU2 x SU2 x SU2 x USp4,SU2 x 2.USp4,5.0,-1.0,3.0,-0.4405916554,0.0000000000,-0.8811833108,0,3.00262,0
SU2 x SU2 x SU2 x USp4,SU2 x SU2 x SU2 x SU2 x SU2,5.0,-1.0,2.0,-0.3195527304,0.0000000000,-0.6391054609,0,2.80221,0
SU2 x SU2 x SU2 x USp4,2.SU2 x USp6,5.0,-1.0,-2.5,0.0837055571,0.3831949091,-0.2157837949,6.30957,0.74131,1
SU2 x SU2 x SU2 x USp4,SU2 x 2.SU2 x USp4,5.0,-2.0,1.5,-0.3617068090,0.0000000000,-0.7234136180,0,1.69824,0
SU2 x SU2 x SU2 x USp4,SU2 x SU2 x SU2 x 2.SU2,5.0,-3.0,3.5,-0.6671115648,0.0000000000,-1.3342231296,0,2.20039,0
SU2 x SU2 x SU2 x USp4,SU2 x 2.SU2 x 2.SU2,5.0,-5.0,5.0,-1.0236290944,0.0000000000,-2.0472581888,0,2.01837,0
SU2 x SU2 x SU2 x USp4,USp4 x 3.SU2,5.0,-6.0,3.0,-0.8431954235,0.0000000000,-1.6863908470,0,1.40443,0
SU2 x SU2 x SU2 x USp4,SU2 x SU2 x 3.SU2,5.0,-7.0,5.0,-1.1256927554,0.0000000000,-2.2513855109,0,1.75792,0
SU2 x SU2 x SU2 x USp4,2.SU2 x 3.SU2,5.0,-9.0,6.5,-1.4872570713,0.0000000000,-2.9745141425,0,1.75792,0
SU2 x SU2 x SU2 x USp4,SU2 x 4.SU2,5.0,-13.0,6.5,-1.6543348658,0.0000000000,-3.3086697316,0,1.47911,0
SU2 x SU2 x SU2 x USp4,5.SU2,5.0,-21.0,8.0,-2.2321477982,0.0000000000,-4.4642955964,0,1.31069,0
SU2 x 2.USp4,SU2 x SU2 x SU2 x SU2 x SU2,5.0,0.0,-1.0,0.1227128379,0.2454256759,0.0000000000,3.44747,0,0
SU2 x 2.USp4,2.SU2 x USp6,5.0,0.0,-5.5,0.5964930381,1.1929860762,0.0000000000,4.24131,0,0
SU2 x 2.USp4,SU2 x 2.SU2 x USp4,5.0,-1.0,-1.5,0.0402602397,0.2695748152,-0.1890543358,5.21795,0.6346,1
SU2 x 2.USp4,SU2 x SU2 x SU2 x 2.SU2,5.0,-2.0,0.5,-0.2867654743,0.0000000000,-0.5735309485,0,1.14156,0
SU2 x 2.USp4,SU2 x 2.SU2 x 2.SU2,5.0,-4.0,2.0,-0.6390984121,0.0000000000,-1.2781968242,0,1.40443,0
SU2 x 2.USp4,USp4 x 3.SU2,5.0,-5.0,0.0,-0.5569779720,0.0000000000,-1.1139559439,0,0.896396,0
SU2 x 2.USp4,SU2 x SU2 x 3.SU2,5.0,-6.0,2.0,-0.7759136516,0.0000000000,-1.5518273032,0,1.18168,0
SU2 x 2.USp4,2.SU2 x 3.SU2,5.0,-8.0,3.5,-1.1263828394,0.0000000000,-2.2527656789,0,1.31069,0
SU2 x 2.USp4,SU2 x 4.SU2,5.0,-12.0,3.5,-1.3342326129,0.0000000000,-2.6684652257,0,1.10281,0
SU2 x 2.USp4,5.SU2,5.0,-20.0,5.0,-1.9364705269,0.0000000000,-3.8729410538,0,1.0292,0
SU2 x SU2 x SU2 x SU2 x SU2,2.SU2 x USp6,5.0,0.0,-4.5,0.4760572423,0.9521144846,0.0000000000,4.46684,0,0
SU2 x SU2 x SU2 x SU2 x SU2,SU2 x 2.SU2 x USp4,5.0,-1.0,-0.5,-0.0906606003,0.0518823237,-0.2332035244,9.54993,0.836566,1
SU2 x SU2 x SU2 x SU2 x SU2,SU2 x SU2 x SU2 x 2.SU2,5.0,-2.0,1.5,-0.3617068090,0.0000000000,-0.7234136180,0,1.69824,0
SU2 x SU2 x SU2 x SU2 x SU2,SU2 x 2.SU2 x 2.SU2,5.0,-4.0,3.0,-0.7234136180,0.0000000000,-1.4468272360,0,1.69824,0
SU2 x SU2 x SU2 x SU2 x SU2,USp4 x 3.SU2,5.0,-5.0,1.0,-0.5984145752,0.0000000000,-1.1968291503,0,1.04713,0
SU2 x SU2 x SU2 x SU2 x SU2,SU2 x SU2 x 3.SU2,5.0,-6.0,3.0,-0.8431954235,0.0000000000,-1.6863908470,0,1.40443,0
SU2 x SU2 x SU2 x SU2 x SU2,2.SU2 x 3.SU2,5.0,-8.0,4.5,-1.2021472467,0.0000000000,-2.4042944934,0,1.50487,0
SU2 x SU2 x SU2 x SU2 x SU2,SU2 x 4.SU2,5.0,-12.0,4.5,-1.3926210598,0.0000000000,-2.7852421197,0,1.24451,0
SU2 x SU2 x SU2 x SU2 x SU2,5.SU2,5.0,-20.0,6.0,-1.9875372695,0.0000000000,-3.9750745390,0,1.12202,0
2.SU2 x USp6,SU2 x 2.SU2 x USp4,5.0,-1.0,4.0,-0.4653155709,0.0000000000,-0.9306311417,0,3.95822,0
2.SU2 x USp6,SU2 x SU2 x SU2 x 2.SU2,5.0,-2.0,6.0,-0.7765060655,0.0000000000,-1.5530121310,0,3.50752,0
2.SU2 x USp6,SU2 x 2.SU2 x 2.SU2,5.0,-4.0,7.5,-1.0998241624,0.0000000000,-2.1996483248,0,2.95121,0
2.SU2 x USp6,USp4 x 3.SU2,5.0,-5.0,5.5,-0.8525885368,0.0000000000,-1.7051770737,0,2.61517,0
2.SU2 x USp6,SU2 x SU2 x 3.SU2,5.0,-6.0,7.5,-1.1718076622,0.0000000000,-2.3436153243,0,2.66073,0
2.SU2 x USp6,2.SU2 x 3.SU2,5.0,-8.0,9.0,-1.5170069534,0.0000000000,-3.0340139068,0,2.39883,0
2.SU2 x USp6,SU2 x 4.SU2,5.0,-12.0,9.0,-1.6440502264,0.0000000000,-3.2881004527,0,2.05353,0
2.SU2 x USp6,5.SU2,5.0,-20.0,10.5,-2.1831862008,0.0000000000,-4.3663724017,0,1.6125,0
SU2 x 2.SU2 x USp4,SU2 x SU2 x SU2 x 2.SU2,5.0,-1.0,2.0,-0.3195527304,0.0000000000,-0.6391054609,0,2.80221,0
SU2 x 2.SU2 x USp4,SU2 x 2.SU2 x 2.SU2,5.0,-3.0,3.5,-0.6671115648,0.0000000000,-1.3342231296,0,2.20039,0
SU2 x 2.SU2 x USp4,USp4 x 3.SU2,5.0,-4.0,1.5,-0.4892667468,0.0000000000,-0.9785334936,0,1.20226,0
SU2 x 2.SU2 x USp4,SU2 x SU2 x 3.SU2,5.0,-5.0,3.5,-0.7642835205,0.0000000000,-1.5285670410,0,1.8197,0
SU2 x 2.SU2 x USp4,2.SU2 x 3.SU2,5.0,-7.0,5.0,-1.1256927554,0.0000000000,-2.2513855109,0,1.75792,0
SU2 x 2.SU2 x USp4,SU2 x 4.SU2,5.0,-11.0,5.0,-1.2955774937,0.0000000000,-2.5911549874,0,1.40443,0
SU2 x 2.SU2 x USp4,5.SU2,5.0,-19.0,6.5,-1.8812818719,0.0000000000,-3.7625637439,0,1.20226,0
SU2 x SU2 x SU2 x 2.SU2,SU2 x 2.SU2 x 2.SU2,5.0,-2.0,1.5,-0.3617068090,0.0000000000,-0.7234136180,0,1.69824,0
SU2 x SU2 x SU2 x 2.SU2,USp4 x 3.SU2,5.0,-3.0,-0.5,-0.2737591945,0.0220317957,-0.5695501846,22.6464,0.74131,1
SU2 x SU2 x SU2 x 2.SU2,SU2 x SU2 x 3.SU2,5.0,-4.0,1.5,-0.4892667468,0.0000000000,-0.9785334936,0,1.20226,0
SU2 x SU2 x SU2 x 2.SU2,2.SU2 x 3.SU2,5.0,-6.0,3.0,-0.8431954235,0.0000000000,-1.6863908470,0,1.40443,0
SU2 x SU2 x SU2 x 2.SU2,SU2 x 4.SU2,5.0,-10.0,3.0,-1.0477669266,0.0000000000,-2.0955338532,0,1.08393,0
SU2 x SU2 x SU2 x 2.SU2,5.SU2,5.0,-18.0,4.5,-1.6516228921,0.0000000000,-3.3032457842,0,1.01158,0
SU2 x 2.SU2 x 2.SU2,USp4 x 3.SU2,5.0,-1.0,-2.0,0.2019353593,0.5106744292,-0.1068037106,3.63078,0.346737,1
SU2 x 2.SU2 x 2.SU2,SU2 x SU2 x 3.SU2,5.0,-2.0,0.0,-0.1704810158,0.0000000000,-0.3409620316,0,0.668344,0
SU2 x 2.SU2 x 2.SU2,2.SU2 x 3.SU2,5.0,-4.0,1.5,-0.4892667468,0.0000000000,-0.9785334936,0,1.20226,0
SU2 x 2.SU2 x 2.SU2,SU2 x 4.SU2,5.0,-8.0,1.5,-0.7234117966,0.0000000000,-1.4468235932,0,0.851138,0
SU2 x 2.SU2 x 2.SU2,5.SU2,5.0,-16.0,3.0,-1.3330147605,0.0000000000,-2.6660295210,0,0.851138,0
USp4 x 3.SU2,SU2 x SU2 x 3.SU2,5.0,-1.0,2.0,-0.3195527304,0.0000000000,-0.6391054609,0,2.80221,0
USp4 x 3.SU2,2.SU2 x 3.SU2,5.0,-3.0,3.5,-0.6671115648,0.0000000000,-1.3342231296,0,2.20039,0
USp4 x 3.SU2,SU2 x 4.SU2,5.0,-7.0,3.5,-0.8128323431,0.0000000000,-1.6256646861,0,1.6125,0
USp4 x 3.SU2,5.SU2,5.0,-15.0,5.0,-1.3920151251,0.0000000000,-2.7840302503,0,1.20226,0
SU2 x SU2 x 3.SU2,2.SU2 x 3.SU2,5.0,-2.0,1.5,-0.3617068090,0.0000000000,-0.7234136180,0,1.69824,0
SU2 x SU2 x 3.SU2,SU2 x 4.SU2,5.0,-6.0,1.5,-0.5614880551,0.0000000000,-1.1229761102,0,0.977237,0
SU2 x SU2 x 3.SU2,5.SU2,5.0,-14.0,3.0,-1.1696022236,0.0000000000,-2.3392044472,0,0.912011,0
2.SU2 x 3.SU2,SU2 x 4.SU2,5.0,-4.0,0.0,-0.2757928490,0.0000000000,-0.5515856980,0,0.552713,0
2.SU2 x 3.SU2,5.SU2,5.0,-12.0,1.5,-0.8724851616,0.0000000000,-1.7449703232,0,0.691831,0
SU2 x 4.SU2,5.SU2,5.0,-8.0,1.5,-0.6096029639,0.0000000000,-1.2192059278,0,0.851138,0
USp12,USp6 x USp6,6.0,-1.0,18.0,-1.1309343507,0.0000000000,-2.2618687013,0,7.62957,0
USp12,USp4 x USp8,6.0,-1.0,16.0,-1.0155941262,0.0000000000,-2.0311882524,0,7.49894,0
USp12,SU2 x USp10,6.0,-1.0,10.0,-0.6566609321,0.0000000000,-1.3133218642,0,7.24436,0
USp12,USp4 x USp4 x USp4,6.0,-2.0,24.0,-1.7141164075,0.0000000000,-3.4282328151,0,6.64508,0
USp12,SU2 x USp4 x USp6,6.0,-2.0,22.0,-1.5464934996,0.0000000000,-3.0929869992,0,6.76083,0
USp12,SU2 x SU2 x USp8,6.0,-2.0,18.0,-1.2661454107,0.0000000000,-2.5322908214,0,6.64508,0
USp12,2.USp6,6.0,-3.0,28.5,-2.2083794844,0.0000000000,-4.4167589688,0,5.99101,0
USp12,SU2 x SU2 x USp4 x USp4,6.0,-3.0,26.0,-1.9766781255,0.0000000000,-3.9533562510,0,6.09537,0
USp12,SU2 x SU2 x SU2 x USp6,6.0,-3.0,24.0,-1.8076626404,0.0000000000,-3.6153252808,0,6.20155,0
USp12,USp4 x 2.USp4,6.0,-4.0,29.0,-2.3604967383,0.0000000000,-4.7209934766,0,5.59114,0
USp12,SU2 x SU2 x SU2 x SU2 x USp4,6.0,-4.0,28.0,-2.2469811044,0.0000000000,-4.4939622088,0,5.68853,0
USp12,2.SU2 x USp8,6.0,-4.0,19.5,-1.5071277062,0.0000000000,-3.0142554124,0,5.88844,0
USp12,SU2 x SU2 x 2.USp4,6.0,-5.0,31.0,-2.6396084650,0.0000000000,-5.2792169301,0,5.30884,0
USp12,SU2 x SU2 x SU2 x SU2 x SU2 x SU2,6.0,-5.0,30.0,-2.5241767066,0.0000000000,-5.0483534131,0,5.40132,0
USp12,2.SU2 x USp4 x USp4,6.0,-5.0,27.5,-2.2260661221,0.0000000000,-4.4521322441,0,5.68853,0
USp12,SU2 x 2.SU2 x USp6,6.0,-5.0,25.5,-2.0564342486,0.0000000000,-4.1128684972,0,5.68853,0
USp12,SU2 x SU2 x 2.SU2 x USp4,6.0,-6.0,29.5,-2.5048544252,0.0000000000,-5.0097088503,0,5.30884,0
USp12,2.SU2 x 2.USp4,6.0,-7.0,32.5,-2.9073661746,0.0000000000,-5.8147323491,0,4.86968,0
USp12,SU2 x SU2 x SU2 x SU2 x 2.SU2,6.0,-7.0,31.5,-2.7898115880,0.0000000000,-5.5796231761,0,4.9545,0
USp12,3.USp4,6.0,-8.0,34.0,-3.1881124416,0.0000000000,-6.3762248833,0,4.54465,0
USp12,2.SU2 x 2.SU2 x USp4,6.0,-8.0,31.0,-2.7728130377,0.0000000000,-5.5456260753,0,4.86968,0
USp12,SU2 x SU2 x 2.SU2 x 2.SU2,6.0,-9.0,33.0,-3.0651454718,0.0000000000,-6.1302909436,0,4.62381,0
USp12,3.SU2 x USp6,6.0,-9.0,27.0,-2.3581386119,0.0000000000,-4.7162772239,0,4.9545,0
USp12,SU2 x USp4 x 3.SU2,6.0,-10.0,31.0,-2.8160861367,0.0000000000,-5.6321722734,0,4.7863,0
USp12,2.SU2 x 2.SU2 x 2.SU2,6.0,-11.0,34.5,-3.3500924476,0.0000000000,-6.7001848952,0,4.24131,0
USp12,SU2 x SU2 x SU2 x 3.SU2,6.0,-11.0,33.0,-3.1108817848,0.0000000000,-6.2217635696,0,4.46684,0
USp12,SU2 x 2.SU2 x 3.SU2,6.0,-13.0,34.5,-3.3994111070,0.0000000000,-6.7988222139,0,4.16869,0
USp12,USp4 x 4.SU2,6.0,-16.0,32.5,-3.1668100059,0.0000000000,-6.3336200118,0,4.16869,0
USp12,3.SU2 x 3.SU2,6.0,-17.0,36.0,-3.7525689611,0.0000000000,-7.5051379222,0,3.69403,0
USp12,SU2 x SU2 x 4.SU2,6.0,-17.0,34.5,-3.4719198185,0.0000000000,-6.9438396370,0,3.95822,0
USp12,2.SU2 x 4.SU2,6.0,-19.0,36.0,-3.7760457162,0.0000000000,-7.5520914324,0,3.63078,0
USp12,SU2 x 5.SU2,6.0,-25.0,36.0,-3.8724382920,0.0000000000,-7.7448765839,0,3.38844,0
USp12,6.SU2,6.0,-35.0,37.5,-4.3164037001,0.0000000000,-8.6328074001,0,2.85102,0
USp6 x USp6,USp4 x USp8,6.0,0.0,-2.0,0.1158977910,0.2317955820,0.0000000000,8.31764,0,0
USp6 x USp6,SU2 x USp10,6.0,0.0,-8.0,0.4760152708,0.9520305416,0.0000000000,8.17523,0,0
USp6 x USp6,USp4 x USp4 x USp4,6.0,-1.0,6.0,-0.6277541929,0.0000000000,-1.2555083859,0,4.46684,0
USp6 x USp6,SU2 x USp4 x USp6,6.0,-1.0,4.0,-0.4653155709,0.0000000000,-0.9306311417,0,3.95822,0
USp6 x USp6,SU2 x SU2 x USp8,6.0,-1.0,0.0,-0.2963641297,0.0000000000,-0.5927282594,0,2.20039,0
USp6 x USp6,2.USp6,6.0,-2.0,10.5,-1.1652686466,0.0000000000,-2.3305372932,0,4.09732,0
USp6 x USp6,SU2 x SU2 x USp4 x USp4,6.0,-2.0,8.0,-0.9306311417,0.0000000000,-1.8612622834,0,3.95822,0
USp6 x USp6,SU2 x SU2 x SU2 x USp6,6.0,-2.0,6.0,-0.7765060655,0.0000000000,-1.5530121310,0,3.50752,0
USp6 x USp6,USp4 x 2.USp4,6.0,-3.0,11.0,-1.3626754961,0.0000000000,-2.7253509923,0,3.63078,0
USp6 x USp6,SU2 x SU2 x SU2 x SU2 x USp4,6.0,-3.0,10.0,-1.2400732420,0.0000000000,-2.4801464839,0,3.69403,0
USp6 x USp6,2.SU2 x USp8,6.0,-3.0,1.5,-0.6532638631,0.0000000000,-1.3065277263,0,1.98381,0
USp6 x USp6,SU2 x SU2 x 2.USp4,6.0,-4.0,13.0,-1.6757185943,0.0000000000,-3.3514371886,0,3.50752,0
USp6 x USp6,SU2 x SU2 x SU2 x SU2 x SU2 x SU2,6.0,-4.0,12.0,-1.5530121310,0.0000000000,-3.1060242620,0,3.50752,0
USp6 x USp6,2.SU2 x USp4 x USp4,6.0,-4.0,9.5,-1.2387955953,0.0000000000,-2.4775911905,0,3.38844,0
USp6 x USp6,SU2 x 2.SU2 x USp6,6.0,-4.0,7.5,-1.0998241624,0.0000000000,-2.1996483248,0,2.95121,0
USp6 x USp6,SU2 x SU2 x 2.SU2 x USp4,6.0,-5.0,11.5,-1.5547788302,0.0000000000,-3.1095576603,0,3.27341,0
USp6 x USp6,2.SU2 x 2.USp4,6.0,-6.0,14.5,-1.9943153243,0.0000000000,-3.9886306486,0,3.21736,0
USp6 x USp6,SU2 x SU2 x SU2 x SU2 x 2.SU2,6.0,-6.0,13.5,-1.8719153185,0.0000000000,-3.7438306371,0,3.16228,0
USp6 x USp6,3.USp4,6.0,-7.0,16.0,-2.3245289772,0.0000000000,-4.6490579544,0,3.00262,0
USp6 x USp6,2.SU2 x 2.SU2 x USp4,6.0,-7.0,13.0,-1.8805008727,0.0000000000,-3.7610017455,0,3.00262,0
USp6 x USp6,SU2 x SU2 x 2.SU2 x 2.SU2,6.0,-8.0,15.0,-2.1996483248,0.0000000000,-4.3992966496,0,2.95121,0
USp6 x USp6,3.SU2 x USp6,6.0,-8.0,9.0,-1.5170069534,0.0000000000,-3.0340139068,0,2.39883,0
USp6 x USp6,SU2 x USp4 x 3.SU2,6.0,-9.0,13.0,-1.9504515961,0.0000000000,-3.9009031921,0,2.80221,0
USp6 x USp6,2.SU2 x 2.SU2 x 2.SU2,6.0,-10.0,16.5,-2.5342275886,0.0000000000,-5.0684551772,0,2.75423,0
USp6 x USp6,SU2 x SU2 x SU2 x 3.SU2,6.0,-10.0,15.0,-2.2700043265,0.0000000000,-4.5400086530,0,2.80221,0
USp6 x USp6,SU2 x 2.SU2 x 3.SU2,6.0,-12.0,16.5,-2.6087970902,0.0000000000,-5.2175941805,0,2.66073,0
USp6 x USp6,USp4 x 4.SU2,6.0,-15.0,14.5,-2.4035394246,0.0000000000,-4.8070788493,0,2.39883,0
USp6 x USp6,3.SU2 x 3.SU2,6.0,-16.0,18.0,-3.0340139068,0.0000000000,-6.0680278136,0,2.39883,0
USp6 x USp6,SU2 x SU2 x 4.SU2,6.0,-16.0,16.5,-2.7207641187,0.0000000000,-5.4415282374,0,2.44062,0
USp6 x USp6,2.SU2 x 4.SU2,6.0,-18.0,18.0,-3.0697068546,0.0000000000,-6.1394137093,0,2.35776,0
USp6 x USp6,SU2 x 5.SU2,6.0,-24.0,18.0,-3.2166762691,0.0000000000,-6.4333525382,0,2.12569,0
USp6 x USp6,6.SU2,6.0,-34.0,19.5,-3.7538141625,0.0000000000,-7.5076283249,0,1.8514,0
USp4 x USp8,SU2 x USp10,6.0,0.0,-6.0,0.3601894415,0.7203788830,0.0000000000,8.03526,0,0
USp4 x USp8,USp4 x USp4 x USp4,6.0,-1.0,8.0,-0.7219961242,0.0000000000,-1.4439922483,0,5.21795,0
USp4 x USp8,SU2 x USp4 x USp6,6.0,-1.0,6.0,-0.5530113274,0.0000000000,-1.1060226548,0,5.04081,0
USp4 x USp8,SU2 x SU2 x USp8,6.0,-1.0,2.0,-0.3195527304,0.0000000000,-0.6391054609,0,2.80221,0
USp4 x USp8,2.USp6,6.0,-2.0,12.5,-1.2493635152,0.0000000000,-2.4987270305,0,4.54465,0
USp4 x USp8,SU2 x SU2 x USp4 x USp4,6.0,-2.0,10.0,-1.0122984707,0.0000000000,-2.0245969414,0,4.54465,0
USp4 x USp8,SU2 x SU2 x SU2 x USp6,6.0,-2.0,8.0,-0.8476569462,0.0000000000,-1.6953138924,0,4.24131,0
USp4 x USp8,USp4 x 2.USp4,6.0,-3.0,13.0,-1.4337011705,0.0000000000,-2.8674023411,0,4.09732,0
USp4 x USp8,SU2 x SU2 x SU2 x SU2 x USp4,6.0,-3.0,12.0,-1.3122928003,0.0000000000,-2.6245856005,0,4.16869,0
USp4 x USp8,2.SU2 x USp8,6.0,-3.0,3.5,-0.6671115648,0.0000000000,-1.3342231296,0,2.20039,0
USp4 x USp8,SU2 x SU2 x 2.USp4,6.0,-4.0,15.0,-1.7405025725,0.0000000000,-3.4810051451,0,3.82384,0
USp4 x USp8,SU2 x SU2 x SU2 x SU2 x SU2 x SU2,6.0,-4.0,14.0,-1.6183128955,0.0000000000,-3.2366257911,0,3.89045,0
USp4 x USp8,2.SU2 x USp4 x USp4,6.0,-4.0,11.5,-1.3035206434,0.0000000000,-2.6070412868,0,3.89045,0
USp4 x USp8,SU2 x 2.SU2 x USp6,6.0,-4.0,9.5,-1.1494337303,0.0000000000,-2.2988674605,0,3.50752,0
USp4 x USp8,SU2 x SU2 x 2.SU2 x USp4,6.0,-5.0,13.5,-1.6131361036,0.0000000000,-3.2262722073,0,3.69403,0
USp4 x USp8,2.SU2 x 2.USp4,6.0,-6.0,16.5,-2.0486462590,0.0000000000,-4.0972925181,0,3.50752,0
USp4 x USp8,SU2 x SU2 x SU2 x SU2 x 2.SU2,6.0,-6.0,15.5,-1.9259397958,0.0000000000,-3.8518795915,0,3.50752,0
USp4 x USp8,3.USp4,6.0,-7.0,18.0,-2.3702988649,0.0000000000,-4.7405977298,0,3.21736,0
USp4 x USp8,2.SU2 x 2.SU2 x USp4,6.0,-7.0,15.0,-1.9273037606,0.0000000000,-3.8546075211,0,3.27341,0
USp4 x USp8,SU2 x SU2 x 2.SU2 x 2.SU2,6.0,-8.0,17.0,-2.2442762358,0.0000000000,-4.4885524716,0,3.21736,0
USp4 x USp8,3.SU2 x USp6,6.0,-8.0,11.0,-1.5430586432,0.0000000000,-3.0861172865,0,2.70707,0
USp4 x USp8,SU2 x USp4 x 3.SU2,6.0,-9.0,15.0,-1.9911071908,0.0000000000,-3.9822143816,0,3.10814,0
USp4 x USp8,2.SU2 x 2.SU2 x 2.SU2,6.0,-10.0,18.5,-2.5714345949,0.0000000000,-5.1428691898,0,2.95121,0
USp4 x USp8,SU2 x SU2 x SU2 x 3.SU2,6.0,-10.0,17.0,-2.3095388491,0.0000000000,-4.6190776983,0,3.05492,0
USp4 x USp8,SU2 x 2.SU2 x 3.SU2,6.0,-12.0,18.5,-2.6414737564,0.0000000000,-5.2829475127,0,2.80221,0
USp4 x USp8,USp4 x 4.SU2,6.0,-15.0,16.5,-2.4280185978,0.0000000000,-4.8560371956,0,2.5704,0
USp4 x USp8,3.SU2 x 3.SU2,6.0,-16.0,20.0,-3.0577345971,0.0000000000,-6.1154691941,0,2.52639,0
USp4 x USp8,SU2 x SU2 x 4.SU2,6.0,-16.0,18.5,-2.7469833486,0.0000000000,-5.4939666972,0,2.61517,0
USp4 x USp8,2.SU2 x 4.SU2,6.0,-18.0,20.0,-3.0917304557,0.0000000000,-6.1834609113,0,2.48313,0
USp4 x USp8,SU2 x 5.SU2,6.0,-24.0,20.0,-3.2326242580,0.0000000000,-6.4652485160,0,2.23872,0
USp4 x USp8,6.SU2,6.0,-34.0,21.5,-3.7630173835,0.0000000000,-7.5260347669,0,1.91646,0
SU2 x USp10,USp4 x USp4 x USp4,6.0,-1.0,14.0,-1.0607879032,0.0000000000,-2.1215758064,0,6.30957,0
SU2 x USp10,SU2 x USp4 x USp6,6.0,-1.0,12.0,-0.8921490599,0.0000000000,-1.7842981198,0,6.41948,0
SU2 x USp10,SU2 x SU2 x USp8,6.0,-1.0,8.0,-0.6127845722,0.0000000000,-1.2255691443,0,6.09537,0
SU2 x USp10,2.USp6,6.0,-2.0,18.5,-1.5657824403,0.0000000000,-3.1315648806,0,5.49541,0
SU2 x USp10,SU2 x SU2 x USp4 x USp4,6.0,-2.0,16.0,-1.3310582043,0.0000000000,-2.6621164087,0,5.59114,0
SU2 x USp10,SU2 x SU2 x SU2 x USp6,6.0,-2.0,14.0,-1.1614182163,0.0000000000,-2.3228364326,0,5.59114,0
SU2 x USp10,USp4 x 2.USp4,6.0,-3.0,19.0,-1.7282454840,0.0000000000,-3.4564909679,0,5.04081,0
SU2 x USp10,SU2 x SU2 x SU2 x SU2 x USp4,6.0,-3.0,18.0,-1.6114601576,0.0000000000,-3.2229203153,0,5.12861,0
SU2 x USp10,2.SU2 x USp8,6.0,-3.0,9.5,-0.8724751068,0.0000000000,-1.7449502136,0,4.7863,0
SU2 x USp10,SU2 x SU2 x 2.USp4,6.0,-4.0,21.0,-2.0184852212,0.0000000000,-4.0369704425,0,4.70435,0
SU2 x USp10,SU2 x SU2 x SU2 x SU2 x SU2 x SU2,6.0,-4.0,20.0,-1.8998188581,0.0000000000,-3.7996377161,0,4.7863,0
SU2 x USp10,2.SU2 x USp4 x USp4,6.0,-4.0,17.5,-1.5934995251,0.0000000000,-3.1869990503,0,5.04081,0
SU2 x USp10,SU2 x 2.SU2 x USp6,6.0,-4.0,15.5,-1.4251010372,0.0000000000,-2.8502020743,0,4.9545,0
SU2 x USp10,SU2 x SU2 x 2.SU2 x USp4,6.0,-5.0,19.5,-1.8843981759,0.0000000000,-3.7687963517,0,4.62381,0
SU2 x USp10,2.SU2 x 2.USp4,6.0,-6.0,22.5,-2.3021666569,0.0000000000,-4.6043333139,0,4.31519,0
SU2 x USp10,SU2 x SU2 x SU2 x SU2 x 2.SU2,6.0,-6.0,21.5,-2.1815563027,0.0000000000,-4.3631126054,0,4.31519,0
SU2 x USp10,3.USp4,6.0,-7.0,24.0,-2.6003547248,0.0000000000,-5.2007094497,0,3.95822,0
SU2 x USp10,2.SU2 x 2.SU2 x USp4,6.0,-7.0,21.0,-2.1700725122,0.0000000000,-4.3401450245,0,4.16869,0
SU2 x USp10,SU2 x SU2 x 2.SU2 x 2.SU2,6.0,-8.0,23.0,-2.4747769301,0.0000000000,-4.9495538602,0,3.95822,0
SU2 x USp10,3.SU2 x USp6,6.0,-8.0,17.0,-1.7552391413,0.0000000000,-3.5104782826,0,4.09732,0
SU2 x USp10,SU2 x USp4 x 3.SU2,6.0,-9.0,21.0,-2.2204637251,0.0000000000,-4.4409274502,0,4.02717,0
SU2 x USp10,2.SU2 x 2.SU2 x 2.SU2,6.0,-10.0,24.5,-2.7786840322,0.0000000000,-5.5573680645,0,3.63078,0
SU2 x USp10,SU2 x SU2 x SU2 x 3.SU2,6.0,-10.0,23.0,-2.5278634890,0.0000000000,-5.0557269780,0,3.82384,0
SU2 x USp10,SU2 x 2.SU2 x 3.SU2,6.0,-12.0,24.5,-2.8363906290,0.0000000000,-5.6727812581,0,3.50752,0
SU2 x USp10,USp4 x 4.SU2,6.0,-15.0,22.5,-2.6063388190,0.0000000000,-5.2126776380,0,3.38844,0
SU2 x USp10,3.SU2 x 3.SU2,6.0,-16.0,26.0,-3.2197911994,0.0000000000,-6.4395823987,0,3.05492,0
SU2 x USp10,SU2 x SU2 x 4.SU2,6.0,-16.0,24.5,-2.9224824650,0.0000000000,-5.8449649300,0,3.27341,0
SU2 x USp10,2.SU2 x 4.SU2,6.0,-18.0,26.0,-3.2480116193,0.0000000000,-6.4960232386,0,3.00262,0
SU2 x USp10,SU2 x 5.SU2,6.0,-24.0,26.0,-3.3651123950,0.0000000000,-6.7302247900,0,2.70707,0
SU2 x USp10,6.SU2,6.0,-34.0,27.5,-3.8583077423,0.0000000000,-7.7166154846,0,2.23872,0
USp4 x USp4 x USp4,SU2 x USp4 x USp6,6.0,0.0,-2.0,0.1696399880,0.3392799761,0.0000000000,5.59114,0,0
USp4 x USp4 x USp4,SU2 x SU2 x USp8,6.0,0.0,-6.0,0.4482260135,0.8964520270,0.0000000000,6.41948,0,0
USp4 x USp4 x USp4,2.USp6,6.0,-1.0,4.5,-0.5416987627,0.0000000000,-1.0833975253,0,3.69403,0
USp4 x USp4 x USp4,SU2 x SU2 x USp4 x USp4,6.0,-1.0,2.0,-0.3195527304,0.0000000000,-0.6391054609,0,2.80221,0
USp4 x USp4 x USp4,SU2 x SU2 x SU2 x USp6,6.0,-1.0,0.0,-0.2332239775,0.0000000000,-0.4664479549,0,1.69824,0
USp4 x USp4 x USp4,USp4 x 2.USp4,6.0,-2.0,5.0,-0.7598257988,0.0000000000,-1.5196515976,0,2.90068,0
USp4 x USp4 x USp4,SU2 x SU2 x SU2 x SU2 x USp4,6.0,-2.0,4.0,-0.6391054609,0.0000000000,-1.2782109217,0,2.80221,0
USp4 x USp4 x USp4,2.SU2 x USp8,6.0,-2.0,-4.5,-0.0638882231,0.4635042948,-0.5912807409,9.54993,1.08393,1
USp4 x USp4 x USp4,SU2 x SU2 x 2.USp4,6.0,-3.0,7.0,-1.0792242442,0.0000000000,-2.1584484884,0,2.85102,0
USp4 x USp4 x USp4,SU2 x SU2 x SU2 x SU2 x SU2 x SU2,6.0,-3.0,6.0,-0.9586581913,0.0000000000,-1.9173163826,0,2.80221,0
USp4 x USp4 x USp4,2.SU2 x USp4 x USp4,6.0,-3.0,3.5,-0.6671115648,0.0000000000,-1.3342231296,0,2.20039,0
USp4 x USp4 x USp4,SU2 x 2.SU2 x USp6,6.0,-3.0,1.5,-0.5949307865,0.0000000000,-1.1898615729,0,1.69824,0
USp4 x USp4 x USp4,SU2 x SU2 x 2.SU2 x USp4,6.0,-4.0,5.5,-0.9826184858,0.0000000000,-1.9652369716,0,2.39883,0
USp4 x USp4 x USp4,2.SU2 x 2.USp4,6.0,-5.0,8.5,-1.4179879610,0.0000000000,-2.8359759219,0,2.61517,0
USp4 x USp4 x USp4,SU2 x SU2 x SU2 x SU2 x 2.SU2,6.0,-5.0,7.5,-1.3002983178,0.0000000000,-2.6005966355,0,2.52639,0
USp4 x USp4 x USp4,3.USp4,6.0,-6.0,10.0,-1.7660774949,0.0000000000,-3.5321549898,0,2.44062,0
USp4 x USp4 x USp4,2.SU2 x 2.SU2 x USp4,6.0,-6.0,7.0,-1.3342231296,0.0000000000,-2.6684462591,0,2.20039,0
USp4 x USp4 x USp4,SU2 x SU2 x 2.SU2 x 2.SU2,6.0,-7.0,9.0,-1.6488062684,0.0000000000,-3.2976125369,0,2.31739,0
USp4 x USp4 x USp4,3.SU2 x USp6,6.0,-7.0,3.0,-1.0731961187,0.0000000000,-2.1463922375,0,1.50487,0
USp4 x USp4 x USp4,SU2 x USp4 x 3.SU2,6.0,-8.0,7.0,-1.4272406433,0.0000000000,-2.8544812867,0,2.01837,0
USp4 x USp4 x USp4,2.SU2 x 2.SU2 x 2.SU2,6.0,-9.0,10.5,-2.0013346943,0.0000000000,-4.0026693887,0,2.20039,0
USp4 x USp4 x USp4,SU2 x SU2 x SU2 x 3.SU2,6.0,-9.0,9.0,-1.7368455375,0.0000000000,-3.4736910749,0,2.16272,0
USp4 x USp4 x USp4,SU2 x 2.SU2 x 3.SU2,6.0,-11.0,10.5,-2.0930462221,0.0000000000,-4.1860924443,0,2.0893,0
USp4 x USp4 x USp4,USp4 x 4.SU2,6.0,-14.0,8.5,-1.9374824217,0.0000000000,-3.8749648433,0,1.69824,0
USp4 x USp4 x USp4,3.SU2 x 3.SU2,6.0,-15.0,12.0,-2.5499745974,0.0000000000,-5.0999491947,0,1.91646,0
USp4 x USp4 x USp4,SU2 x SU2 x 4.SU2,6.0,-15.0,10.5,-2.2337890053,0.0000000000,-4.4675780105,0,1.88365,0
USp4 x USp4 x USp4,2.SU2 x 4.SU2,6.0,-17.0,12.0,-2.5945157921,0.0000000000,-5.1890315841,0,1.8514,0
USp4 x USp4 x USp4,SU2 x 5.SU2,6.0,-23.0,12.0,-2.7776678607,0.0000000000,-5.5553357215,0,1.64059,0
USp4 x USp4 x USp4,6.SU2,6.0,-33.0,13.5,-3.3598148870,0.0000000000,-6.7196297741,0,1.45378,0
SU2 x USp4 x USp6,SU2 x SU2 x USp8,6.0,0.0,-4.0,0.2804079321,0.5608158641,0.0000000000,6.8786,0,0
SU2 x USp4 x USp6,2.USp6,6.0,-1.0,6.5,-0.7004487138,0.0000000000,-1.4008974276,0,4.24131,0
SU2 x USp4 x USp6,SU2 x SU2 x USp4 x USp4,6.0,-1.0,4.0,-0.4653155709,0.0000000000,-0.9306311417,0,3.95822,0
SU2 x USp4 x USp6,SU2 x SU2 x SU2 x USp6,6.0,-1.0,2.0,-0.3195527304,0.0000000000,-0.6391054609,0,2.80221,0
SU2 x USp4 x USp6,USp4 x 2.USp4,6.0,-2.0,7.0,-0.8992125288,0.0000000000,-1.7984250576,0,3.50752,0
SU2 x USp4 x USp6,SU2 x SU2 x SU2 x SU2 x USp4,6.0,-2.0,6.0,-0.7765060655,0.0000000000,-1.5530121310,0,3.50752,0
SU2 x USp4 x USp6,2.SU2 x USp8,6.0,-2.0,-2.5,-0.2327588795,0.1737602041,-0.6392779632,14.2069,1.24451,1
SU2 x USp4 x USp6,SU2 x SU2 x 2.USp4,6.0,-3.0,9.0,-1.2146100716,0.0000000000,-2.4292201432,0,3.27341,0
SU2 x USp4 x USp6,SU2 x SU2 x SU2 x SU2 x SU2 x SU2,6.0,-3.0,8.0,-1.0920544090,0.0000000000,-2.1841088181,0,3.27341,0
SU2 x USp4 x USp6,2.SU2 x USp4 x USp4,6.0,-3.0,5.5,-0.7807933532,0.0000000000,-1.5615867065,0,3.05492,0
SU2 x USp4 x USp6,SU2 x 2.SU2 x USp6,6.0,-3.0,3.5,-0.6671115648,0.0000000000,-1.3342231296,0,2.20039,0
SU2 x USp4 x USp6,SU2 x SU2 x 2.SU2 x USp4,6.0,-4.0,7.5,-1.0998241624,0.0000000000,-2.1996483248,0,2.95121,0
SU2 x USp4 x USp6,2.SU2 x 2.USp4,6.0,-5.0,10.5,-1.5403967141,0.0000000000,-3.0807934283,0,2.95121,0
SU2 x USp4 x USp6,SU2 x SU2 x SU2 x SU2 x 2.SU2,6.0,-5.0,9.5,-1.4191017641,0.0000000000,-2.8382035282,0,2.90068,0
SU2 x USp4 x USp6,3.USp4,6.0,-6.0,12.0,-1.8786452467,0.0000000000,-3.7572904935,0,2.75423,0
SU2 x USp4 x USp6,2.SU2 x 2.SU2 x USp4,6.0,-6.0,9.0,-1.4370958770,0.0000000000,-2.8741917540,0,2.61517,0
SU2 x USp4 x USp6,SU2 x SU2 x 2.SU2 x 2.SU2,6.0,-7.0,11.0,-1.7562894000,0.0000000000,-3.5125788001,0,2.66073,0
SU2 x USp4 x USp6,3.SU2 x USp6,6.0,-7.0,5.0,-1.1256927554,0.0000000000,-2.2513855109,0,1.75792,0
SU2 x USp4 x USp6,SU2 x USp4 x 3.SU2,6.0,-8.0,9.0,-1.5170069534,0.0000000000,-3.0340139068,0,2.39883,0
SU2 x USp4 x USp6,2.SU2 x 2.SU2 x 2.SU2,6.0,-9.0,12.5,-2.1002947526,0.0000000000,-4.2005895051,0,2.48313,0
SU2 x USp4 x USp6,SU2 x SU2 x SU2 x 3.SU2,6.0,-9.0,11.0,-1.8344522293,0.0000000000,-3.6689044585,0,2.48313,0
SU2 x USp4 x USp6,SU2 x 2.SU2 x 3.SU2,6.0,-11.0,12.5,-2.1832711958,0.0000000000,-4.3665423917,0,2.31739,0
SU2 x USp4 x USp6,USp4 x 4.SU2,6.0,-14.0,10.5,-2.0028385187,0.0000000000,-4.0056770374,0,1.94984,0
SU2 x USp4 x USp6,3.SU2 x 3.SU2,6.0,-15.0,14.0,-2.6269858839,0.0000000000,-5.2539717678,0,2.0893,0
SU2 x USp4 x USp6,SU2 x SU2 x 4.SU2,6.0,-15.0,12.5,-2.3103193928,0.0000000000,-4.6206387855,0,2.12569,0
SU2 x USp4 x USp6,2.SU2 x 4.SU2,6.0,-17.0,14.0,-2.6676315074,0.0000000000,-5.3352630148,0,2.01837,0
SU2 x USp4 x USp6,SU2 x 5.SU2,6.0,-23.0,14.0,-2.8363474056,0.0000000000,-5.6726948112,0,1.8197,0
SU2 x USp4 x USp6,6.SU2,6.0,-33.0,15.5,-3.4048255684,0.0000000000,-6.8096511369,0,1.55776,0
SU2 x SU2 x USp8,2.USp6,6.0,-1.0,10.5,-0.9584336564,0.0000000000,-1.9168673128,0,5.04081,0
SU2 x SU2 x USp8,SU2 x SU2 x USp4 x USp4,6.0,-1.0,8.0,-0.7219961242,0.0000000000,-1.4439922483,0,5.21795,0
SU2 x SU2 x USp8,SU2 x SU2 x SU2 x USp6,6.0,-1.0,6.0,-0.5530113274,0.0000000000,-1.1060226548,0,5.04081,0
SU2 x SU2 x USp8,USp4 x 2.USp4,6.0,-2.0,11.0,-1.1321051808,0.0000000000,-2.2642103617,0,4.46684,0
SU2 x SU2 x USp8,SU2 x SU2 x SU2 x SU2 x USp4,6.0,-2.0,10.0,-1.0122984707,0.0000000000,-2.0245969414,0,4.54465,0
SU2 x SU2 x USp8,2.SU2 x USp8,6.0,-2.0,1.5,-0.3617068090,0.0000000000,-0.7234136180,0,1.69824,0
SU2 x SU2 x USp8,SU2 x SU2 x 2.USp4,6.0,-3.0,13.0,-1.4337011705,0.0000000000,-2.8674023411,0,4.09732,0
SU2 x SU2 x USp8,SU2 x SU2 x SU2 x SU2 x SU2 x SU2,6.0,-3.0,12.0,-1.3122928003,0.0000000000,-2.6245856005,0,4.16869,0
SU2 x SU2 x USp8,2.SU2 x USp4 x USp4,6.0,-3.0,9.5,-0.9992351150,0.0000000000,-1.9984702300,0,4.31519,0
SU2 x SU2 x USp8,SU2 x 2.SU2 x USp6,6.0,-3.0,7.5,-0.8382431813,0.0000000000,-1.6764863626,0,3.89045,0
SU2 x SU2 x USp8,SU2 x SU2 x 2.SU2 x USp4,6.0,-4.0,11.5,-1.3035206434,0.0000000000,-2.6070412868,0,3.89045,0
SU2 x SU2 x USp8,2.SU2 x 2.USp4,6.0,-5.0,14.5,-1.7357150952,0.0000000000,-3.4714301905,0,3.63078,0
SU2 x SU2 x USp8,SU2 x SU2 x SU2 x SU2 x 2.SU2,6.0,-5.0,13.5,-1.6131361036,0.0000000000,-3.2262722073,0,3.69403,0
SU2 x SU2 x USp8,3.USp4,6.0,-6.0,16.0,-2.0535248971,0.0000000000,-4.1070497942,0,3.33043,0
SU2 x SU2 x USp8,2.SU2 x 2.SU2 x USp4,6.0,-6.0,13.0,-1.6116055630,0.0000000000,-3.2232111261,0,3.44747,0
SU2 x SU2 x USp8,SU2 x SU2 x 2.SU2 x 2.SU2,6.0,-7.0,15.0,-1.9273037606,0.0000000000,-3.8546075211,0,3.27341,0
SU2 x SU2 x USp8,3.SU2 x USp6,6.0,-7.0,9.0,-1.2237467229,0.0000000000,-2.4474934457,0,2.61517,0
SU2 x SU2 x USp8,SU2 x USp4 x 3.SU2,6.0,-8.0,13.0,-1.6732901300,0.0000000000,-3.3465802599,0,3.21736,0
SU2 x SU2 x USp8,2.SU2 x 2.SU2 x 2.SU2,6.0,-9.0,16.5,-2.2524053315,0.0000000000,-4.5048106630,0,3.00262,0
SU2 x SU2 x USp8,SU2 x SU2 x SU2 x 3.SU2,6.0,-9.0,15.0,-1.9911071908,0.0000000000,-3.9822143816,0,3.10814,0
SU2 x SU2 x USp8,SU2 x 2.SU2 x 3.SU2,6.0,-11.0,16.5,-2.3219627187,0.0000000000,-4.6439254374,0,2.85102,0
SU2 x SU2 x USp8,USp4 x 4.SU2,6.0,-14.0,14.5,-2.1094314097,0.0000000000,-4.2188628195,0,2.52639,0
SU2 x SU2 x USp8,3.SU2 x 3.SU2,6.0,-15.0,18.0,-2.7396212571,0.0000000000,-5.4792425143,0,2.48313,0
SU2 x SU2 x USp8,SU2 x SU2 x 4.SU2,6.0,-15.0,16.5,-2.4280185978,0.0000000000,-4.8560371956,0,2.5704,0
SU2 x SU2 x USp8,2.SU2 x 4.SU2,6.0,-17.0,18.0,-2.7744694826,0.0000000000,-5.5489389651,0,2.39883,0
SU2 x SU2 x USp8,SU2 x 5.SU2,6.0,-23.0,18.0,-2.9205409928,0.0000000000,-5.8410819855,0,2.12569,0
SU2 x SU2 x USp8,6.SU2,6.0,-33.0,19.5,-3.4646232169,0.0000000000,-6.9292464339,0,1.75792,0
2.USp6,SU2 x SU2 x USp4 x USp4,6.0,0.0,-2.5,0.2371929092,0.4743858183,0.0000000000,4.70435,0,0
2.USp6,SU2 x SU2 x SU2 x USp6,6.0,0.0,-4.5,0.4054602201,0.8109204402,0.0000000000,5.12861,0,0
2.USp6,USp4 x 2.USp4,6.0,-1.0,0.5,-0.2700645815,0.0000000000,-0.5401291630,0,1.69824,0
2.USp6,SU2 x SU2 x SU2 x SU2 x USp4,6.0,-1.0,-0.5,-0.1836409379,0.0100847734,-0.3773666492,48.4172,1.28825,1
2.USp6,2.SU2 x USp8,6.0,-1.0,-9.0,0.6097966879,1.4027648783,-0.1831715026,6.09537,0.592243,1
2.USp6,SU2 x SU2 x 2.USp4,6.0,-2.0,2.5,-0.5725991847,0.0000000000,-1.1451983694,0,2.12569,0
2.USp6,SU2 x SU2 x SU2 x SU2 x SU2 x SU2,6.0,-2.0,1.5,-0.4685436041,0.0000000000,-0.9370872081,0,1.8197,0
2.USp6,2.SU2 x USp4 x USp4,6.0,-2.0,-1.0,-0.2712830368,0.0466873318,-0.5892534053,20.773,1.08393,1
2.USp6,SU2 x 2.SU2 x USp6,6.0,-2.0,-3.0,-0.1100247050,0.3337070071,-0.5537564171,8.60994,0.977237,1
2.USp6,SU2 x SU2 x 2.SU2 x USp4,6.0,-3.0,1.0,-0.5453779218,0.0000000000,-1.0907558436,0,1.45378,0
2.USp6,2.SU2 x 2.USp4,6.0,-4.0,4.0,-0.9306246421,0.0000000000,-1.8612492842,0,1.98381,0
2.USp6,SU2 x SU2 x SU2 x SU2 x 2.SU2,6.0,-4.0,3.0,-0.8298769424,0.0000000000,-1.6597538849,0,1.78855,0
2.USp6,3.USp4,6.0,-5.0,5.5,-1.2897347129,0.0000000000,-2.5794694258,0,1.94984,0
2.USp6,2.SU2 x 2.SU2 x USp4,6.0,-5.0,2.5,-0.9051075803,0.0000000000,-1.8102151606,0,1.53109,0
2.USp6,SU2 x SU2 x 2.SU2 x 2.SU2,6.0,-6.0,4.5,-1.1914280398,0.0000000000,-2.3828560797,0,1.75792,0
2.USp6,3.SU2 x USp6,6.0,-6.0,-1.5,-0.7469504160,0.0303686586,-1.5242694905,49.2606,1.04713,1
2.USp6,SU2 x USp4 x 3.SU2,6.0,-7.0,2.5,-1.0311343099,0.0000000000,-2.0622686198,0,1.35675,0
2.USp6,2.SU2 x 2.SU2 x 2.SU2,6.0,-8.0,6.0,-1.5529923557,0.0000000000,-3.1059847113,0,1.75792,0
2.USp6,SU2 x SU2 x SU2 x 3.SU2,6.0,-8.0,4.5,-1.3042369354,0.0000000000,-2.6084738707,0,1.58489,0
2.USp6,SU2 x 2.SU2 x 3.SU2,6.0,-10.0,6.0,-1.6655737113,0.0000000000,-3.3311474227,0,1.6125,0
2.USp6,USp4 x 4.SU2,6.0,-13.0,4.0,-1.5811056581,0.0000000000,-3.1622113162,0,1.26619,0
2.USp6,3.SU2 x 3.SU2,6.0,-14.0,7.5,-2.1450721837,0.0000000000,-4.2901443675,0,1.53109,0
2.USp6,SU2 x SU2 x 4.SU2,6.0,-14.0,6.0,-1.8408076204,0.0000000000,-3.6816152408,0,1.42889,0
2.USp6,2.SU2 x 4.SU2,6.0,-16.0,7.5,-2.1996421961,0.0000000000,-4.3992843922,0,1.47911,0
2.USp6,SU2 x 5.SU2,6.0,-22.0,7.5,-2.4208033241,0.0000000000,-4.8416066483,0,1.31069,0
2.USp6,6.SU2,6.0,-32.0,9.0,-3.0340024277,0.0000000000,-6.0680048554,0,1.20226,0
SU2 x SU2 x USp4 x USp4,SU2 x SU2 x SU2 x USp6,6.0,0.0,-2.0,0.1696399880,0.3392799761,0.0000000000,5.59114,0,0
SU2 x SU2 x USp4 x USp4,USp4 x 2.USp4,6.0,-1.0,3.0,-0.4405916554,0.0000000000,-0.8811833108,0,3.00262,0
SU2 x SU2 x USp4 x USp4,SU2 x SU2 x SU2 x SU2 x USp4,6.0,-1.0,2.0,-0.3195527304,0.0000000000,-0.6391054609,0,2.80221,0
SU2 x SU2 x USp4 x USp4,2.SU2 x USp8,6.0,-1.0,-6.5,0.3703528910,0.9433192984,-0.2026135164,6.64508,0.668344,1
SU2 x SU2 x USp4 x USp4,SU2 x SU2 x 2.USp4,6.0,-2.0,5.0,-0.7598257988,0.0000000000,-1.5196515976,0,2.90068,0
SU2 x SU2 x USp4 x USp4,SU2 x SU2 x SU2 x SU2 x SU2 x SU2,6.0,-2.0,4.0,-0.6391054609,0.0000000000,-1.2782109217,0,2.80221,0
SU2 x SU2 x USp4 x USp4,2.SU2 x USp4 x USp4,6.0,-2.0,1.5,-0.3617068090,0.0000000000,-0.7234136180,0,1.69824,0
SU2 x SU2 x USp4 x USp4,SU2 x 2.SU2 x USp6,6.0,-2.0,-0.5,-0.3189591292,0.0046815000,-0.6425997584,107.152,1.26619,1
SU2 x SU2 x USp4 x USp4,SU2 x SU2 x 2.SU2 x USp4,6.0,-3.0,3.5,-0.6671115648,0.0000000000,-1.3342231296,0,2.20039,0
SU2 x SU2 x USp4 x USp4,2.SU2 x 2.USp4,6.0,-4.0,6.5,-1.0991767763,0.0000000000,-2.1983535526,0,2.52639,0
SU2 x SU2 x USp4 x USp4,SU2 x SU2 x SU2 x SU2 x 2.SU2,6.0,-4.0,5.5,-0.9826184858,0.0000000000,-1.9652369716,0,2.39883,0
SU2 x SU2 x USp4 x USp4,3.USp4,6.0,-5.0,8.0,-1.4491770596,0.0000000000,-2.8983541193,0,2.35776,0
SU2 x SU2 x USp4 x USp4,2.SU2 x 2.SU2 x USp4,6.0,-5.0,5.0,-1.0236290944,0.0000000000,-2.0472581888,0,2.01837,0
SU2 x SU2 x USp4 x USp4,SU2 x SU2 x 2.SU2 x 2.SU2,6.0,-6.0,7.0,-1.3342231296,0.0000000000,-2.6684462591,0,2.20039,0
SU2 x SU2 x USp4 x USp4,3.SU2 x USp6,6.0,-6.0,1.0,-0.8103305602,0.0000000000,-1.6206611205,0,1.24451,0
SU2 x SU2 x USp4 x USp4,SU2 x USp4 x 3.SU2,6.0,-7.0,5.0,-1.1256927554,0.0000000000,-2.2513855109,0,1.75792,0
SU2 x SU2 x USp4 x USp4,2.SU2 x 2.SU2 x 2.SU2,6.0,-8.0,8.5,-1.6897098411,0.0000000000,-3.3794196823,0,2.0893,0
SU2 x SU2 x USp4 x USp4,SU2 x SU2 x SU2 x 3.SU2,6.0,-8.0,7.0,-1.4272406433,0.0000000000,-2.8544812867,0,2.01837,0
SU2 x SU2 x USp4 x USp4,SU2 x 2.SU2 x 3.SU2,6.0,-10.0,8.5,-1.7863886444,0.0000000000,-3.5727772888,0,1.94984,0
SU2 x SU2 x USp4 x USp4,USp4 x 4.SU2,6.0,-13.0,6.5,-1.6543348658,0.0000000000,-3.3086697316,0,1.47911,0
SU2 x SU2 x USp4 x USp4,3.SU2 x 3.SU2,6.0,-14.0,10.0,-2.2513855109,0.0000000000,-4.5027710217,0,1.75792,0
SU2 x SU2 x USp4 x USp4,SU2 x SU2 x 4.SU2,6.0,-14.0,8.5,-1.9374824217,0.0000000000,-3.8749648433,0,1.69824,0
SU2 x SU2 x USp4 x USp4,2.SU2 x 4.SU2,6.0,-16.0,10.0,-2.2991892307,0.0000000000,-4.5983784614,0,1.69824,0
SU2 x SU2 x USp4 x USp4,SU2 x 5.SU2,6.0,-22.0,10.0,-2.4970914026,0.0000000000,-4.9941828052,0,1.47911,0
SU2 x SU2 x USp4 x USp4,6.SU2,6.0,-32.0,11.5,-3.0950952729,0.0000000000,-6.1901905458,0,1.31069,0
SU2 x SU2 x SU2 x USp6,USp4 x 2.USp4,6.0,-1.0,5.0,-0.5873930411,0.0000000000,-1.1747860822,0,3.82384,0
SU2 x SU2 x SU2 x USp6,SU2 x SU2 x SU2 x SU2 x USp4,6.0,-1.0,4.0,-0.4653155709,0.0000000000,-0.9306311417,0,3.95822,0
SU2 x SU2 x SU2 x USp6,2.SU2 x USp8,6.0,-1.0,-4.5,0.1969909662,0.6094864070,-0.2155044747,7.12033,0.728618,1
SU2 x SU2 x SU2 x USp6,SU2 x SU2 x 2.USp4,6.0,-2.0,7.0,-0.8992125288,0.0000000000,-1.7984250576,0,3.50752,0
SU2 x SU2 x SU2 x USp6,SU2 x SU2 x SU2 x SU2 x SU2 x SU2,6.0,-2.0,6.0,-0.7765060655,0.0000000000,-1.5530121310,0,3.50752,0
SU2 x SU2 x SU2 x USp6,2.SU2 x USp4 x USp4,6.0,-2.0,3.5,-0.4627244211,0.0000000000,-0.9254488423,0,3.27341,0
SU2 x SU2 x SU2 x USp6,SU2 x 2.SU2 x USp6,6.0,-2.0,1.5,-0.3617068090,0.0000000000,-0.7234136180,0,1.69824,0
SU2 x SU2 x SU2 x USp6,SU2 x SU2 x 2.SU2 x USp4,6.0,-3.0,5.5,-0.7807933532,0.0000000000,-1.5615867065,0,3.05492,0
SU2 x SU2 x SU2 x USp6,2.SU2 x 2.USp4,6.0,-4.0,8.5,-1.2213800883,0.0000000000,-2.4427601766,0,3.00262,0
SU2 x SU2 x SU2 x USp6,SU2 x SU2 x SU2 x SU2 x 2.SU2,6.0,-4.0,7.5,-1.0998241624,0.0000000000,-2.1996483248,0,2.95121,0
SU2 x SU2 x SU2 x USp6,3.USp4,6.0,-5.0,10.0,-1.5591734599,0.0000000000,-3.1183469197,0,2.70707,0
SU2 x SU2 x SU2 x USp6,2.SU2 x 2.SU2 x USp4,6.0,-5.0,7.0,-1.1181792639,0.0000000000,-2.2363585278,0,2.5704,0
SU2 x SU2 x SU2 x USp6,SU2 x SU2 x 2.SU2 x 2.SU2,6.0,-6.0,9.0,-1.4370958770,0.0000000000,-2.8741917540,0,2.61517,0
SU2 x SU2 x SU2 x USp6,3.SU2 x USp6,6.0,-6.0,3.0,-0.8431954235,0.0000000000,-1.6863908470,0,1.40443,0
SU2 x SU2 x SU2 x USp6,SU2 x USp4 x 3.SU2,6.0,-7.0,7.0,-1.2014988538,0.0000000000,-2.4029977076,0,2.23872,0
SU2 x SU2 x SU2 x USp6,2.SU2 x 2.SU2 x 2.SU2,6.0,-8.0,10.5,-1.7828201763,0.0000000000,-3.5656403527,0,2.39883,0
SU2 x SU2 x SU2 x USp6,SU2 x SU2 x SU2 x 3.SU2,6.0,-8.0,9.0,-1.5170069534,0.0000000000,-3.0340139068,0,2.39883,0
SU2 x SU2 x SU2 x USp6,SU2 x 2.SU2 x 3.SU2,6.0,-10.0,10.5,-1.8685904645,0.0000000000,-3.7371809289,0,2.23872,0
SU2 x SU2 x SU2 x USp6,USp4 x 4.SU2,6.0,-13.0,8.5,-1.7042584442,0.0000000000,-3.4085168884,0,1.69824,0
SU2 x SU2 x SU2 x USp6,3.SU2 x 3.SU2,6.0,-14.0,12.0,-2.3194572031,0.0000000000,-4.6389144062,0,1.94984,0
SU2 x SU2 x SU2 x USp6,SU2 x SU2 x 4.SU2,6.0,-14.0,10.5,-2.0028385187,0.0000000000,-4.0056770374,0,1.94984,0
SU2 x SU2 x SU2 x USp6,2.SU2 x 4.SU2,6.0,-16.0,12.0,-2.3627828215,0.0000000000,-4.7255656430,0,1.88365,0
SU2 x SU2 x SU2 x USp6,SU2 x 5.SU2,6.0,-22.0,12.0,-2.5446192329,0.0000000000,-5.0892384659,0,1.64059,0
SU2 x SU2 x SU2 x USp6,6.SU2,6.0,-32.0,13.5,-3.1307704586,0.0000000000,-6.2615409172,0,1.40443,0
USp4 x 2.USp4,SU2 x SU2 x SU2 x SU2 x USp4,6.0,0.0,-1.0,0.1227128379,0.2454256759,0.0000000000,3.44747,0,0
USp4 x 2.USp4,2.SU2 x USp8,6.0,0.0,-9.5,0.8567835317,1.7135670635,0.0000000000,5.21795,0,0
USp4 x 2.USp4,SU2 x SU2 x 2.USp4,6.0,-1.0,2.0,-0.3195527304,0.0000000000,-0.6391054609,0,2.80221,0
USp4 x 2.USp4,SU2 x SU2 x SU2 x SU2 x SU2 x SU2,6.0,-1.0,1.0,-0.2018091584,0.0000000000,-0.4036183167,0,2.27772,0
USp4 x 2.USp4,2.SU2 x USp4 x USp4,6.0,-1.0,-1.5,0.0402602397,0.2695748152,-0.1890543358,5.21795,0.6346,1
USp4 x 2.USp4,SU2 x 2.SU2 x USp6,6.0,-1.0,-3.5,0.2140122311,0.6084051862,-0.1803807241,5.40132,0.592243,1
USp4 x 2.USp4,SU2 x SU2 x 2.SU2 x USp4,6.0,-2.0,0.5,-0.2867654743,0.0000000000,-0.5735309485,0,1.14156,0
USp4 x 2.USp4,2.SU2 x 2.USp4,6.0,-3.0,3.5,-0.6671115648,0.0000000000,-1.3342231296,0,2.20039,0
USp4 x 2.USp4,SU2 x SU2 x SU2 x SU2 x 2.SU2,6.0,-3.0,2.5,-0.5604759860,0.0000000000,-1.1209519720,0,1.8514,0
USp4 x 2.USp4,3.USp4,6.0,-4.0,5.0,-1.0240612050,0.0000000000,-2.0481224100,0,2.05353,0
USp4 x 2.USp4,2.SU2 x 2.SU2 x USp4,6.0,-4.0,2.0,-0.6390984121,0.0000000000,-1.2781968242,0,1.40443,0
USp4 x 2.USp4,SU2 x SU2 x 2.SU2 x 2.SU2,6.0,-5.0,4.0,-0.9216302421,0.0000000000,-1.8432604841,0,1.78855,0
USp4 x 2.USp4,3.SU2 x USp6,6.0,-5.0,-2.0,-0.4777964750,0.1347841360,-1.0903770860,14.4544,0.851138,1
USp4 x 2.USp4,SU2 x USp4 x 3.SU2,6.0,-6.0,2.0,-0.7759136516,0.0000000000,-1.5518273032,0,1.18168,0
USp4 x 2.USp4,2.SU2 x 2.SU2 x 2.SU2,6.0,-7.0,5.5,-1.2831078113,0.0000000000,-2.5662156226,0,1.75792,0
USp4 x 2.USp4,SU2 x SU2 x SU2 x 3.SU2,6.0,-7.0,4.0,-1.0355199426,0.0000000000,-2.0710398851,0,1.53109,0
USp4 x 2.USp4,SU2 x 2.SU2 x 3.SU2,6.0,-9.0,5.5,-1.3962566705,0.0000000000,-2.7925133410,0,1.58489,0
USp4 x 2.USp4,USp4 x 4.SU2,6.0,-12.0,3.5,-1.3342326129,0.0000000000,-2.6684652257,0,1.10281,0
USp4 x 2.USp4,3.SU2 x 3.SU2,6.0,-13.0,7.0,-1.8779044407,0.0000000000,-3.7558088814,0,1.47911,0
USp4 x 2.USp4,SU2 x SU2 x 4.SU2,6.0,-13.0,5.5,-1.5786273894,0.0000000000,-3.1572547789,0,1.33352,0
USp4 x 2.USp4,2.SU2 x 4.SU2,6.0,-15.0,7.0,-1.9346759058,0.0000000000,-3.8693518116,0,1.40443,0
USp4 x 2.USp4,SU2 x 5.SU2,6.0,-21.0,7.0,-2.1678043806,0.0000000000,-4.3356087612,0,1.20226,0
USp4 x 2.USp4,6.SU2,6.0,-31.0,8.5,-2.7908774572,0.0000000000,-5.5817549144,0,1.10281,0
SU2 x SU2 x SU2 x SU2 x USp4,2.SU2 x USp8,6.0,0.0,-8.5,0.7412524099,1.4825048198,0.0000000000,5.40132,0,0
SU2 x SU2 x SU2 x SU2 x USp4,SU2 x SU2 x 2.USp4,6.0,-1.0,3.0,-0.4405916554,0.0000000000,-0.8811833108,0,3.00262,0
SU2 x SU2 x SU2 x SU2 x USp4,SU2 x SU2 x SU2 x SU2 x SU2 x SU2,6.0,-1.0,2.0,-0.3195527304,0.0000000000,-0.6391054609,0,2.80221,0
SU2 x SU2 x SU2 x SU2 x USp4,2.SU2 x USp4 x USp4,6.0,-1.0,-0.5,-0.0906606003,0.0518823237,-0.2332035244,9.54993,0.836566,1
SU2 x SU2 x SU2 x SU2 x USp4,SU2 x 2.SU2 x USp6,6.0,-1.0,-2.5,0.0837055571,0.3831949091,-0.2157837949,6.30957,0.74131,1
SU2 x SU2 x SU2 x SU2 x USp4,SU2 x SU2 x 2.SU2 x USp4,6.0,-2.0,1.5,-0.3617068090,0.0000000000,-0.7234136180,0,1.69824,0
SU2 x SU2 x SU2 x SU2 x USp4,2.SU2 x 2.USp4,6.0,-3.0,4.5,-0.7810819545,0.0000000000,-1.5621639089,0,2.44062,0
SU2 x SU2 x SU2 x SU2 x USp4,SU2 x SU2 x SU2 x SU2 x 2.SU2,6.0,-3.0,3.5,-0.6671115648,0.0000000000,-1.3342231296,0,2.20039,0
SU2 x SU2 x SU2 x SU2 x USp4,3.USp4,6.0,-4.0,6.0,-1.1340051464,0.0000000000,-2.2680102929,0,2.23872,0
SU2 x SU2 x SU2 x SU2 x USp4,2.SU2 x 2.SU2 x USp4,6.0,-4.0,3.0,-0.7234136180,0.0000000000,-1.4468272360,0,1.69824,0
SU2 x SU2 x SU2 x SU2 x USp4,SU2 x SU2 x 2.SU2 x 2.SU2,6.0,-5.0,5.0,-1.0236290944,0.0000000000,-2.0472581888,0,2.01837,0
SU2 x SU2 x SU2 x SU2 x USp4,3.SU2 x USp6,6.0,-5.0,-1.0,-0.5715233929,0.0202864979,-1.1633332838,49.2606,0.960506,1
SU2 x SU2 x SU2 x SU2 x USp4,SU2 x USp4 x 3.SU2,6.0,-6.0,3.0,-0.8431954235,0.0000000000,-1.6863908470,0,1.40443,0
SU2 x SU2 x SU2 x SU2 x USp4,2.SU2 x 2.SU2 x 2.SU2,6.0,-7.0,6.5,-1.3827251876,0.0000000000,-2.7654503753,0,1.91646,0
SU2 x SU2 x SU2 x SU2 x USp4,SU2 x SU2 x SU2 x 3.SU2,6.0,-7.0,5.0,-1.1256927554,0.0000000000,-2.2513855109,0,1.75792,0
SU2 x SU2 x SU2 x SU2 x USp4,SU2 x 2.SU2 x 3.SU2,6.0,-9.0,6.5,-1.4872570713,0.0000000000,-2.9745141425,0,1.75792,0
SU2 x SU2 x SU2 x SU2 x USp4,USp4 x 4.SU2,6.0,-12.0,4.5,-1.3926210598,0.0000000000,-2.7852421197,0,1.24451,0
SU2 x SU2 x SU2 x SU2 x USp4,3.SU2 x 3.SU2,6.0,-13.0,8.0,-1.9619128645,0.0000000000,-3.9238257290,0,1.6125,0
SU2 x SU2 x SU2 x SU2 x USp4,SU2 x SU2 x 4.SU2,6.0,-13.0,6.5,-1.6543348658,0.0000000000,-3.3086697316,0,1.47911,0
SU2 x SU2 x SU2 x SU2 x USp4,2.SU2 x 4.SU2,6.0,-15.0,8.0,-2.0144405158,0.0000000000,-4.0288810315,0,1.53109,0
SU2 x SU2 x SU2 x SU2 x USp4,SU2 x 5.SU2,6.0,-21.0,8.0,-2.2321477982,0.0000000000,-4.4642955964,0,1.31069,0
SU2 x SU2 x SU2 x SU2 x USp4,6.SU2,6.0,-31.0,9.5,-2.8463802321,0.0000000000,-5.6927604642,0,1.18168,0
2.SU2 x USp8,SU2 x SU2 x 2.USp4,6.0,-1.0,11.5,-1.1461645398,0.0000000000,-2.2923290795,0,4.62381,0
2.SU2 x USp8,SU2 x SU2 x SU2 x SU2 x SU2 x SU2,6.0,-1.0,10.5,-1.0273437513,0.0000000000,-2.0546875026,0,4.7863,0
2.SU2 x USp8,2.SU2 x USp4 x USp4,6.0,-1.0,8.0,-0.7219961242,0.0000000000,-1.4439922483,0,5.21795,0
2.SU2 x USp8,SU2 x 2.SU2 x USp6,6.0,-1.0,6.0,-0.5530113274,0.0000000000,-1.1060226548,0,5.04081,0
2.SU2 x USp8,SU2 x SU2 x 2.SU2 x USp4,6.0,-2.0,10.0,-1.0122984707,0.0000000000,-2.0245969414,0,4.54465,0
2.SU2 x USp8,2.SU2 x 2.USp4,6.0,-3.0,13.0,-1.4337011705,0.0000000000,-2.8674023411,0,4.09732,0
2.SU2 x USp8,SU2 x SU2 x SU2 x SU2 x 2.SU2,6.0,-3.0,12.0,-1.3122928003,0.0000000000,-2.6245856005,0,4.16869,0
2.SU2 x USp8,3.USp4,6.0,-4.0,14.5,-1.7393982472,0.0000000000,-3.4787964944,0,3.63078,0
2.SU2 x USp8,2.SU2 x 2.SU2 x USp4,6.0,-4.0,11.5,-1.3035206434,0.0000000000,-2.6070412868,0,3.89045,0
2.SU2 x USp8,SU2 x SU2 x 2.SU2 x 2.SU2,6.0,-5.0,13.5,-1.6131361036,0.0000000000,-3.2262722073,0,3.69403,0
2.SU2 x USp8,3.SU2 x USp6,6.0,-5.0,7.5,-0.8942553989,0.0000000000,-1.7885107978,0,3.44747,0
2.SU2 x USp8,SU2 x USp4 x 3.SU2,6.0,-6.0,11.5,-1.3578419834,0.0000000000,-2.7156839667,0,3.69403,0
2.SU2 x USp8,2.SU2 x 2.SU2 x 2.SU2,6.0,-7.0,15.0,-1.9273037606,0.0000000000,-3.8546075211,0,3.27341,0
2.SU2 x USp8,SU2 x SU2 x SU2 x 3.SU2,6.0,-7.0,13.5,-1.6707370808,0.0000000000,-3.3414741616,0,3.44747,0
2.SU2 x USp8,SU2 x 2.SU2 x 3.SU2,6.0,-9.0,15.0,-1.9911071908,0.0000000000,-3.9822143816,0,3.10814,0
2.SU2 x USp8,USp4 x 4.SU2,6.0,-12.0,13.0,-1.7687540686,0.0000000000,-3.5375081372,0,2.85102,0
2.SU2 x USp8,3.SU2 x 3.SU2,6.0,-13.0,16.5,-2.3955389244,0.0000000000,-4.7910778488,0,2.66073,0
2.SU2 x USp8,SU2 x SU2 x 4.SU2,6.0,-13.0,15.0,-2.0882513672,0.0000000000,-4.1765027343,0,2.85102,0
2.SU2 x USp8,2.SU2 x 4.SU2,6.0,-15.0,16.5,-2.4280185978,0.0000000000,-4.8560371956,0,2.5704,0
2.SU2 x USp8,SU2 x 5.SU2,6.0,-21.0,16.5,-2.5655326473,0.0000000000,-5.1310652946,0,2.23872,0
2.SU2 x USp8,6.SU2,6.0,-31.0,18.0,-3.1030589011,0.0000000000,-6.2061178022,0,1.75792,0
SU2 x SU2 x 2.USp4,SU2 x SU2 x SU2 x SU2 x SU2 x SU2,6.0,0.0,-1.0,0.1227128379,0.2454256759,0.0000000000,3.44747,0,0
SU2 x SU2 x 2.USp4,2.SU2 x USp4 x USp4,6.0,0.0,-3.5,0.4375618490,0.8751236979,0.0000000000,3.63078,0,0
SU2 x SU2 x 2.USp4,SU2 x 2.SU2 x USp6,6.0,0.0,-5.5,0.5964930381,1.1929860762,0.0000000000,4.24131,0,0
SU2 x SU2 x 2.USp4,SU2 x SU2 x 2.SU2 x USp4,6.0,-1.0,-1.5,0.0402602397,0.2695748152,-0.1890543358,5.21795,0.6346,1
SU2 x SU2 x 2.USp4,2.SU2 x 2.USp4,6.0,-2.0,1.5,-0.3617068090,0.0000000000,-0.7234136180,0,1.69824,0
SU2 x SU2 x 2.USp4,SU2 x SU2 x SU2 x SU2 x 2.SU2,6.0,-2.0,0.5,-0.2867654743,0.0000000000,-0.5735309485,0,1.14156,0
SU2 x SU2 x 2.USp4,3.USp4,6.0,-3.0,3.0,-0.7205737626,0.0000000000,-1.4411475253,0,1.78855,0
SU2 x SU2 x 2.USp4,2.SU2 x 2.SU2 x USp4,6.0,-3.0,0.0,-0.3977804699,0.0000000000,-0.7955609398,0,1.01158,0
SU2 x SU2 x 2.USp4,SU2 x SU2 x 2.SU2 x 2.SU2,6.0,-4.0,2.0,-0.6390984121,0.0000000000,-1.2781968242,0,1.40443,0
SU2 x SU2 x 2.USp4,3.SU2 x USp6,6.0,-4.0,-4.0,-0.0805070393,0.5823807643,-0.7433948430,6.64508,0.679986,1
SU2 x SU2 x 2.USp4,SU2 x USp4 x 3.SU2,6.0,-5.0,0.0,-0.5569779720,0.0000000000,-1.1139559439,0,0.896396,0
SU2 x SU2 x 2.USp4,2.SU2 x 2.SU2 x 2.SU2,6.0,-6.0,3.5,-0.9977436120,0.0000000000,-1.9954872240,0,1.50487,0
SU2 x SU2 x 2.USp4,SU2 x SU2 x SU2 x 3.SU2,6.0,-6.0,2.0,-0.7759136516,0.0000000000,-1.5518273032,0,1.18168,0
SU2 x SU2 x 2.USp4,SU2 x 2.SU2 x 3.SU2,6.0,-8.0,3.5,-1.1263828394,0.0000000000,-2.2527656789,0,1.31069,0
SU2 x SU2 x 2.USp4,USp4 x 4.SU2,6.0,-11.0,1.5,-1.1177251560,0.0000000000,-2.2354503119,0,0.927897,0
SU2 x SU2 x 2.USp4,3.SU2 x 3.SU2,6.0,-12.0,5.0,-1.6147476252,0.0000000000,-3.2294952503,0,1.28825,0
SU2 x SU2 x 2.USp4,SU2 x SU2 x 4.SU2,6.0,-12.0,3.5,-1.3342326129,0.0000000000,-2.6684652257,0,1.10281,0
SU2 x SU2 x 2.USp4,2.SU2 x 4.SU2,6.0,-14.0,5.0,-1.6788113158,0.0000000000,-3.3576226317,0,1.22321,0
SU2 x SU2 x 2.USp4,SU2 x 5.SU2,6.0,-20.0,5.0,-1.9364705269,0.0000000000,-3.8729410538,0,1.0292,0
SU2 x SU2 x 2.USp4,6.SU2,6.0,-30.0,6.5,-2.5706971018,0.0000000000,-5.1413942035,0,0.977237,0
SU2 x SU2 x SU2 x SU2 x SU2 x SU2,2.SU2 x USp4 x USp4,6.0,0.0,-2.5,0.3150328746,0.6300657491,0.0000000000,3.69403,0,0
SU2 x SU2 x SU2 x SU2 x SU2 x SU2,SU2 x 2.SU2 x USp6,6.0,0.0,-4.5,0.4760572423,0.9521144846,0.0000000000,4.46684,0,0
SU2 x SU2 x SU2 x SU2 x SU2 x SU2,SU2 x SU2 x 2.SU2 x USp4,6.0,-1.0,-0.5,-0.0906606003,0.0518823237,-0.2332035244,9.54993,0.836566,1
SU2 x SU2 x SU2 x SU2 x SU2 x SU2,2.SU2 x 2.USp4,6.0,-2.0,2.5,-0.4653443362,0.0000000000,-0.9306886724,0,2.20039,0
SU2 x SU2 x SU2 x SU2 x SU2 x SU2,SU2 x SU2 x SU2 x SU2 x 2.SU2,6.0,-2.0,1.5,-0.3617068090,0.0000000000,-0.7234136180,0,1.69824,0
SU2 x SU2 x SU2 x SU2 x SU2 x SU2,3.USp4,6.0,-3.0,4.0,-0.8227717056,0.0000000000,-1.6455434113,0,2.05353,0
SU2 x SU2 x SU2 x SU2 x SU2 x SU2,2.SU2 x 2.SU2 x USp4,6.0,-3.0,1.0,-0.4517357047,0.0000000000,-0.9034714094,0,1.24451,0
SU2 x SU2 x SU2 x SU2 x SU2 x SU2,SU2 x SU2 x 2.SU2 x 2.SU2,6.0,-4.0,3.0,-0.7234136180,0.0000000000,-1.4468272360,0,1.69824,0
SU2 x SU2 x SU2 x SU2 x SU2 x SU2,3.SU2 x USp6,6.0,-4.0,-3.0,-0.2064057800,0.3725224195,-0.7853339795,7.89769,0.74131,1
SU2 x SU2 x SU2 x SU2 x SU2 x SU2,SU2 x USp4 x 3.SU2,6.0,-5.0,1.0,-0.5984145752,0.0000000000,-1.1968291503,0,1.04713,0
SU2 x SU2 x SU2 x SU2 x SU2 x SU2,2.SU2 x 2.SU2 x 2.SU2,6.0,-6.0,4.5,-1.0851204270,0.0000000000,-2.1702408540,0,1.69824,0
SU2 x SU2 x SU2 x SU2 x SU2 x SU2,SU2 x SU2 x SU2 x 3.SU2,6.0,-6.0,3.0,-0.8431954235,0.0000000000,-1.6863908470,0,1.40443,0
SU2 x SU2 x SU2 x SU2 x SU2 x SU2,SU2 x 2.SU2 x 3.SU2,6.0,-8.0,4.5,-1.2021472467,0.0000000000,-2.4042944934,0,1.50487,0
SU2 x SU2 x SU2 x SU2 x SU2 x SU2,USp4 x 4.SU2,6.0,-11.0,2.5,-1.1595338839,0.0000000000,-2.3190677678,0,1.01158,0
SU2 x SU2 x SU2 x SU2 x SU2 x SU2,3.SU2 x 3.SU2,6.0,-12.0,6.0,-1.6863908470,0.0000000000,-3.3727816940,0,1.40443,0
SU2 x SU2 x SU2 x SU2 x SU2 x SU2,SU2 x SU2 x 4.SU2,6.0,-12.0,4.5,-1.3926210598,0.0000000000,-2.7852421197,0,1.24451,0
SU2 x SU2 x SU2 x SU2 x SU2 x SU2,2.SU2 x 4.SU2,6.0,-14.0,6.0,-1.7453979055,0.0000000000,-3.4907958110,0,1.33352,0
SU2 x SU2 x SU2 x SU2 x SU2 x SU2,SU2 x 5.SU2,6.0,-20.0,6.0,-1.9875372695,0.0000000000,-3.9750745390,0,1.12202,0
SU2 x SU2 x SU2 x SU2 x SU2 x SU2,6.SU2,6.0,-30.0,7.5,-2.6157937771,0.0000000000,-5.2315875542,0,1.04713,0
2.SU2 x USp4 x USp4,SU2 x 2.SU2 x USp6,6.0,0.0,-2.0,0.1696399880,0.3392799761,0.0000000000,5.59114,0,0
2.SU2 x USp4 x USp4,SU2 x SU2 x 2.SU2 x USp4,6.0,-1.0,2.0,-0.3195527304,0.0000000000,-0.6391054609,0,2.80221,0
2.SU2 x USp4 x USp4,2.SU2 x 2.USp4,6.0,-2.0,5.0,-0.7598257988,0.0000000000,-1.5196515976,0,2.90068,0
2.SU2 x USp4 x USp4,SU2 x SU2 x SU2 x SU2 x 2.SU2,6.0,-2.0,4.0,-0.6391054609,0.0000000000,-1.2782109217,0,2.80221,0
2.SU2 x USp4 x USp4,3.USp4,6.0,-3.0,6.5,-1.1019399107,0.0000000000,-2.2038798215,0,2.5704,0
2.SU2 x USp4 x USp4,2.SU2 x 2.SU2 x USp4,6.0,-3.0,3.5,-0.6671115648,0.0000000000,-1.3342231296,0,2.20039,0
2.SU2 x USp4 x USp4,SU2 x SU2 x 2.SU2 x 2.SU2,6.0,-4.0,5.5,-0.9826184858,0.0000000000,-1.9652369716,0,2.39883,0
2.SU2 x USp4 x USp4,3.SU2 x USp6,6.0,-4.0,-0.5,-0.4667687142,0.0019765450,-0.9355139733,254.097,1.0292,1
2.SU2 x USp4 x USp4,SU2 x USp4 x 3.SU2,6.0,-5.0,3.5,-0.7642835205,0.0000000000,-1.5285670410,0,1.8197,0
2.SU2 x USp4 x USp4,2.SU2 x 2.SU2 x 2.SU2,6.0,-6.0,7.0,-1.3342231296,0.0000000000,-2.6684462591,0,2.20039,0
2.SU2 x USp4 x USp4,SU2 x SU2 x SU2 x 3.SU2,6.0,-6.0,5.5,-1.0698855197,0.0000000000,-2.1397710394,0,2.12569,0
2.SU2 x USp4 x USp4,SU2 x 2.SU2 x 3.SU2,6.0,-8.0,7.0,-1.4272406433,0.0000000000,-2.8544812867,0,2.01837,0
2.SU2 x USp4 x USp4,USp4 x 4.SU2,6.0,-11.0,5.0,-1.2955774937,0.0000000000,-2.5911549874,0,1.40443,0
2.SU2 x USp4 x USp4,3.SU2 x 3.SU2,6.0,-12.0,8.5,-1.8899191123,0.0000000000,-3.7798382245,0,1.78855,0
2.SU2 x USp4 x USp4,SU2 x SU2 x 4.SU2,6.0,-12.0,7.0,-1.5757756127,0.0000000000,-3.1515512253,0,1.69824,0
2.SU2 x USp4 x USp4,2.SU2 x 4.SU2,6.0,-14.0,8.5,-1.9374824217,0.0000000000,-3.8749648433,0,1.69824,0
2.SU2 x USp4 x USp4,SU2 x 5.SU2,6.0,-20.0,8.5,-2.1381308544,0.0000000000,-4.2762617089,0,1.42889,0
2.SU2 x USp4 x USp4,6.SU2,6.0,-30.0,10.0,-2.7427207764,0.0000000000,-5.4854415529,0,1.24451,0
SU2 x 2.SU2 x USp6,SU2 x SU2 x 2.SU2 x USp4,6.0,-1.0,4.0,-0.4653155709,0.0000000000,-0.9306311417,0,3.95822,0
SU2 x 2.SU2 x USp6,2.SU2 x 2.USp4,6.0,-2.0,7.0,-0.8992125288,0.0000000000,-1.7984250576,0,3.50752,0
SU2 x 2.SU2 x USp6,SU2 x SU2 x SU2 x SU2 x 2.SU2,6.0,-2.0,6.0,-0.7765060655,0.0000000000,-1.5530121310,0,3.50752,0
SU2 x 2.SU2 x USp6,3.USp4,6.0,-3.0,8.5,-1.2248165374,0.0000000000,-2.4496330748,0,3.00262,0
SU2 x 2.SU2 x USp6,2.SU2 x 2.SU2 x USp4,6.0,-3.0,5.5,-0.7807933532,0.0000000000,-1.5615867065,0,3.05492,0
SU2 x 2.SU2 x USp6,SU2 x SU2 x 2.SU2 x 2.SU2,6.0,-4.0,7.5,-1.0998241624,0.0000000000,-2.1996483248,0,2.95121,0
SU2 x 2.SU2 x USp6,3.SU2 x USp6,6.0,-4.0,1.5,-0.4892667468,0.0000000000,-0.9785334936,0,1.20226,0
SU2 x 2.SU2 x USp6,SU2 x USp4 x 3.SU2,6.0,-5.0,5.5,-0.8525885368,0.0000000000,-1.7051770737,0,2.61517,0
SU2 x 2.SU2 x USp6,2.SU2 x 2.SU2 x 2.SU2,6.0,-6.0,9.0,-1.4370958770,0.0000000000,-2.8741917540,0,2.61517,0
SU2 x 2.SU2 x USp6,SU2 x SU2 x SU2 x 3.SU2,6.0,-6.0,7.5,-1.1718076622,0.0000000000,-2.3436153243,0,2.66073,0
SU2 x 2.SU2 x USp6,SU2 x 2.SU2 x 3.SU2,6.0,-8.0,9.0,-1.5170069534,0.0000000000,-3.0340139068,0,2.39883,0
SU2 x 2.SU2 x USp6,USp4 x 4.SU2,6.0,-11.0,7.0,-1.3425756590,0.0000000000,-2.6851513180,0,1.72783,0
SU2 x 2.SU2 x USp6,3.SU2 x 3.SU2,6.0,-12.0,10.5,-1.9608178374,0.0000000000,-3.9216356748,0,2.05353,0
SU2 x 2.SU2 x USp6,SU2 x SU2 x 4.SU2,6.0,-12.0,9.0,-1.6440502264,0.0000000000,-3.2881004527,0,2.05353,0
SU2 x 2.SU2 x USp6,2.SU2 x 4.SU2,6.0,-14.0,10.5,-2.0028385187,0.0000000000,-4.0056770374,0,1.94984,0
SU2 x 2.SU2 x USp6,SU2 x 5.SU2,6.0,-20.0,10.5,-2.1831862008,0.0000000000,-4.3663724017,0,1.6125,0
SU2 x 2.SU2 x USp6,6.SU2,6.0,-30.0,12.0,-2.7742909780,0.0000000000,-5.5485819560,0,1.33352,0
SU2 x SU2 x 2.SU2 x USp4,2.SU2 x 2.USp4,6.0,-1.0,3.0,-0.4405916554,0.0000000000,-0.8811833108,0,3.00262,0
SU2 x SU2 x 2.SU2 x USp4,SU2 x SU2 x SU2 x SU2 x 2.SU2,6.0,-1.0,2.0,-0.3195527304,0.0000000000,-0.6391054609,0,2.80221,0
SU2 x SU2 x 2.SU2 x USp4,3.USp4,6.0,-2.0,4.5,-0.7835593508,0.0000000000,-1.5671187017,0,2.48313,0
SU2 x SU2 x 2.SU2 x USp4,2.SU2 x 2.SU2 x USp4,6.0,-2.0,1.5,-0.3617068090,0.0000000000,-0.7234136180,0,1.69824,0
SU2 x SU2 x 2.SU2 x USp4,SU2 x SU2 x 2.SU2 x 2.SU2,6.0,-3.0,3.5,-0.6671115648,0.0000000000,-1.3342231296,0,2.20039,0
SU2 x SU2 x 2.SU2 x USp4,3.SU2 x USp6,6.0,-3.0,-2.5,-0.1168400507,0.3220712805,-0.5557513819,7.49894,0.703882,1
SU2 x SU2 x 2.SU2 x USp4,SU2 x USp4 x 3.SU2,6.0,-4.0,1.5,-0.4892667468,0.0000000000,-0.9785334936,0,1.20226,0
SU2 x SU2 x 2.SU2 x USp4,2.SU2 x 2.SU2 x 2.SU2,6.0,-5.0,5.0,-1.0236290944,0.0000000000,-2.0472581888,0,2.01837,0
SU2 x SU2 x 2.SU2 x USp4,SU2 x SU2 x SU2 x 3.SU2,6.0,-5.0,3.5,-0.7642835205,0.0000000000,-1.5285670410,0,1.8197,0
SU2 x SU2 x 2.SU2 x USp4,SU2 x 2.SU2 x 3.SU2,6.0,-7.0,5.0,-1.1256927554,0.0000000000,-2.2513855109,0,1.75792,0
SU2 x SU2 x 2.SU2 x USp4,USp4 x 4.SU2,6.0,-10.0,3.0,-1.0477669266,0.0000000000,-2.0955338532,0,1.08393,0
SU2 x SU2 x 2.SU2 x USp4,3.SU2 x 3.SU2,6.0,-11.0,6.5,-1.6007356282,0.0000000000,-3.2014712564,0,1.58489,0
SU2 x SU2 x 2.SU2 x USp4,SU2 x SU2 x 4.SU2,6.0,-11.0,5.0,-1.2955774937,0.0000000000,-2.5911549874,0,1.40443,0
SU2 x SU2 x 2.SU2 x USp4,2.SU2 x 4.SU2,6.0,-13.0,6.5,-1.6543348658,0.0000000000,-3.3086697316,0,1.47911,0
SU2 x SU2 x 2.SU2 x USp4,SU2 x 5.SU2,6.0,-19.0,6.5,-1.8812818719,0.0000000000,-3.7625637439,0,1.20226,0
SU2 x SU2 x 2.SU2 x USp4,6.SU2,6.0,-29.0,8.0,-2.5045178791,0.0000000000,-5.0090357582,0,1.08393,0
2.SU2 x 2.USp4,SU2 x SU2 x SU2 x SU2 x 2.SU2,6.0,0.0,-1.0,0.1227128379,0.2454256759,0.0000000000,3.44747,0,0
2.SU2 x 2.USp4,3.USp4,6.0,-1.0,1.5,-0.3594335573,0.0000000000,-0.7188671146,0,1.8514,0
2.SU2 x 2.USp4,2.SU2 x 2.SU2 x USp4,6.0,-1.0,-1.5,0.0402602397,0.2695748152,-0.1890543358,5.21795,0.6346,1
2.SU2 x 2.USp4,SU2 x SU2 x 2.SU2 x 2.SU2,6.0,-2.0,0.5,-0.2867654743,0.0000000000,-0.5735309485,0,1.14156,0
2.SU2 x 2.USp4,3.SU2 x USp6,6.0,-2.0,-5.5,0.4166644374,1.0998980136,-0.2665691387,4.70435,0.44157,1
2.SU2 x 2.USp4,SU2 x USp4 x 3.SU2,6.0,-3.0,-1.5,-0.1648541533,0.2000555097,-0.5297638163,7.12033,0.645654,1
2.SU2 x 2.USp4,2.SU2 x 2.SU2 x 2.SU2,6.0,-4.0,2.0,-0.6390984121,0.0000000000,-1.2781968242,0,1.40443,0
2.SU2 x 2.USp4,SU2 x SU2 x SU2 x 3.SU2,6.0,-4.0,0.5,-0.4410577961,0.0000000000,-0.8821155922,0,0.927897,0
2.SU2 x 2.USp4,SU2 x 2.SU2 x 3.SU2,6.0,-6.0,2.0,-0.7759136516,0.0000000000,-1.5518273032,0,1.18168,0
2.SU2 x 2.USp4,USp4 x 4.SU2,6.0,-9.0,0.0,-0.8114602405,0.0000000000,-1.6229204810,0,0.767361,0
2.SU2 x 2.USp4,3.SU2 x 3.SU2,6.0,-10.0,3.5,-1.2651445998,0.0000000000,-2.5302891997,0,1.18168,0
2.SU2 x 2.USp4,SU2 x SU2 x 4.SU2,6.0,-10.0,2.0,-1.0022846988,0.0000000000,-2.0045693976,0,0.944061,0
2.SU2 x 2.USp4,2.SU2 x 4.SU2,6.0,-12.0,3.5,-1.3342326129,0.0000000000,-2.6684652257,0,1.10281,0
2.SU2 x 2.USp4,SU2 x 5.SU2,6.0,-18.0,3.5,-1.6106025210,0.0000000000,-3.2212050419,0,0.927897,0
2.SU2 x 2.USp4,6.SU2,6.0,-28.0,5.0,-2.2513969612,0.0000000000,-4.5027939223,0,0.881049,0
SU2 x SU2 x SU2 x SU2 x 2.SU2,3.USp4,6.0,-1.0,2.5,-0.4669467069,0.0000000000,-0.9338934138,0,2.27772,0
SU2 x SU2 x SU2 x SU2 x 2.SU2,2.SU2 x 2.SU2 x USp4,6.0,-1.0,-0.5,-0.0906606003,0.0518823237,-0.2332035244,9.54993,0.836566,1
SU2 x SU2 x SU2 x SU2 x 2.SU2,SU2 x SU2 x 2.SU2 x 2.SU2,6.0,-2.0,1.5,-0.3617068090,0.0000000000,-0.7234136180,0,1.69824,0
SU2 x SU2 x SU2 x SU2 x 2.SU2,3.SU2 x USp6,6.0,-2.0,-4.5,0.2913954002,0.8633459522,-0.2805551518,4.9545,0.473151,1
SU2 x SU2 x SU2 x SU2 x 2.SU2,SU2 x USp4 x 3.SU2,6.0,-3.0,-0.5,-0.2737591945,0.0220317957,-0.5695501846,22.6464,0.74131,1
SU2 x SU2 x SU2 x SU2 x 2.SU2,2.SU2 x 2.SU2 x 2.SU2,6.0,-4.0,3.0,-0.7234136180,0.0000000000,-1.4468272360,0,1.69824,0
SU2 x SU2 x SU2 x SU2 x 2.SU2,SU2 x SU2 x SU2 x 3.SU2,6.0,-4.0,1.5,-0.4892667468,0.0000000000,-0.9785334936,0,1.20226,0
SU2 x SU2 x SU2 x SU2 x 2.SU2,SU2 x 2.SU2 x 3.SU2,6.0,-6.0,3.0,-0.8431954235,0.0000000000,-1.6863908470,0,1.40443,0
SU2 x SU2 x SU2 x SU2 x 2.SU2,USp4 x 4.SU2,6.0,-9.0,1.0,-0.8399873541,0.0000000000,-1.6799747083,0,0.851138,0
SU2 x SU2 x SU2 x SU2 x 2.SU2,3.SU2 x 3.SU2,6.0,-10.0,4.5,-1.3300816338,0.0000000000,-2.6601632677,0,1.33352,0
SU2 x SU2 x SU2 x SU2 x 2.SU2,SU2 x SU2 x 4.SU2,6.0,-10.0,3.0,-1.0477669266,0.0000000000,-2.0955338532,0,1.08393,0
SU2 x SU2 x SU2 x SU2 x 2.SU2,2.SU2 x 4.SU2,6.0,-12.0,4.5,-1.3926210598,0.0000000000,-2.7852421197,0,1.24451,0
SU2 x SU2 x SU2 x SU2 x 2.SU2,SU2 x 5.SU2,6.0,-18.0,4.5,-1.6516228921,0.0000000000,-3.3032457842,0,1.01158,0
SU2 x SU2 x SU2 x SU2 x 2.SU2,6.SU2,6.0,-28.0,6.0,-2.2883360821,0.0000000000,-4.5766721641,0,0.944061,0
3.USp4,2.SU2 x 2.SU2 x USp4,6.0,0.0,-3.0,0.4440281045,0.8880562090,0.0000000000,3.00262,0,0
3.USp4,SU2 x SU2 x 2.SU2 x 2.SU2,6.0,-1.0,-1.0,0.0632153745,0.2527528184,-0.1263220694,3.50752,0.412098,1
3.USp4,3.SU2 x USp6,6.0,-1.0,-7.0,0.8072694725,1.6922977973,-0.0777588523,3.75837,0.241268,1
3.USp4,SU2 x USp4 x 3.SU2,6.0,-2.0,-3.0,0.2659888803,0.7633305234,-0.2313527628,3.56862,0.378007,1
3.USp4,2.SU2 x 2.SU2 x 2.SU2,6.0,-3.0,0.5,-0.3194403029,0.0000000000,-0.6388806058,0,0.865964,0
3.USp4,SU2 x SU2 x SU2 x 3.SU2,6.0,-3.0,-1.0,-0.1442383372,0.1594244966,-0.4479011709,5.78762,0.524807,1
3.USp4,SU2 x 2.SU2 x 3.SU2,6.0,-5.0,0.5,-0.4861175971,0.0000000000,-0.9722351941,0,0.780728,0
3.USp4,USp4 x 4.SU2,6.0,-8.0,-1.5,-0.5364534505,0.1358138190,-1.2087207199,10.5925,0.572137,1
3.USp4,3.SU2 x 3.SU2,6.0,-9.0,2.0,-0.9586669169,0.0000000000,-1.9173338337,0,0.927897,0
3.USp4,SU2 x SU2 x 4.SU2,6.0,-9.0,0.5,-0.7518955576,0.0000000000,-1.5037911152,0,0.691831,0
3.USp4,2.SU2 x 4.SU2,6.0,-11.0,2.0,-1.0428237088,0.0000000000,-2.0856474176,0,0.851138,0
3.USp4,SU2 x 5.SU2,6.0,-17.0,2.0,-1.3568812722,0.0000000000,-2.7137625443,0,0.728618,0
3.USp4,6.SU2,6.0,-27.0,3.5,-2.0013425735,0.0000000000,-4.0026851470,0,0.74131,0
2.SU2 x 2.SU2 x USp4,SU2 x SU2 x 2.SU2 x 2.SU2,6.0,-1.0,2.0,-0.3195527304,0.0000000000,-0.6391054609,0,2.80221,0
2.SU2 x 2.SU2 x USp4,3.SU2 x USp6,6.0,-1.0,-4.0,0.3635227446,0.8321968987,-0.1051514095,4.46684,0.3408,1
2.SU2 x 2.SU2 x USp4,SU2 x USp4 x 3.SU2,6.0,-2.0,0.0,-0.1704810158,0.0000000000,-0.3409620316,0,0.668344,0
2.SU2 x 2.SU2 x USp4,2.SU2 x 2.SU2 x 2.SU2,6.0,-3.0,3.5,-0.6671115648,0.0000000000,-1.3342231296,0,2.20039,0
2.SU2 x 2.SU2 x USp4,SU2 x SU2 x SU2 x 3.SU2,6.0,-3.0,2.0,-0.4036659807,0.0000000000,-0.8073319613,0,1.98381,0
2.SU2 x 2.SU2 x USp4,SU2 x 2.SU2 x 3.SU2,6.0,-5.0,3.5,-0.7642835205,0.0000000000,-1.5285670410,0,1.8197,0
2.SU2 x 2.SU2 x USp4,USp4 x 4.SU2,6.0,-8.0,1.5,-0.7234117966,0.0000000000,-1.4468235932,0,0.851138,0
2.SU2 x 2.SU2 x USp4,3.SU2 x 3.SU2,6.0,-9.0,5.0,-1.2399646034,0.0000000000,-2.4799292069,0,1.53109,0
2.SU2 x 2.SU2 x USp4,SU2 x SU2 x 4.SU2,6.0,-9.0,3.5,-0.9408853551,0.0000000000,-1.8817707103,0,1.24451,0
2.SU2 x 2.SU2 x USp4,2.SU2 x 4.SU2,6.0,-11.0,5.0,-1.2955774937,0.0000000000,-2.5911549874,0,1.40443,0
2.SU2 x 2.SU2 x USp4,SU2 x 5.SU2,6.0,-17.0,5.0,-1.5390221524,0.0000000000,-3.0780443048,0,1.06537,0
2.SU2 x 2.SU2 x USp4,6.SU2,6.0,-27.0,6.5,-2.1732509604,0.0000000000,-4.3465019209,0,0.960506,0
SU2 x SU2 x 2.SU2 x 2.SU2,3.SU2 x USp6,6.0,0.0,-6.0,0.7201494853,1.4402989706,0.0000000000,3.82384,0,0
SU2 x SU2 x 2.SU2 x 2.SU2,SU2 x USp4 x 3.SU2,6.0,-1.0,-2.0,0.2019353593,0.5106744292,-0.1068037106,3.63078,0.346737,1
SU2 x SU2 x 2.SU2 x 2.SU2,2.SU2 x 2.SU2 x 2.SU2,6.0,-2.0,1.5,-0.3617068090,0.0000000000,-0.7234136180,0,1.69824,0
SU2 x SU2 x 2.SU2 x 2.SU2,SU2 x SU2 x SU2 x 3.SU2,6.0,-2.0,0.0,-0.1704810158,0.0000000000,-0.3409620316,0,0.668344,0
SU2 x SU2 x 2.SU2 x 2.SU2,SU2 x 2.SU2 x 3.SU2,6.0,-4.0,1.5,-0.4892667468,0.0000000000,-0.9785334936,0,1.20226,0
SU2 x SU2 x 2.SU2 x 2.SU2,USp4 x 4.SU2,6.0,-7.0,-0.5,-0.5511223038,0.0065244420,-1.1087690497,75.8578,0.645654,1
SU2 x SU2 x 2.SU2 x 2.SU2,3.SU2 x 3.SU2,6.0,-8.0,3.0,-0.9785334936,0.0000000000,-1.9570669872,0,1.20226,0
SU2 x SU2 x 2.SU2 x 2.SU2,SU2 x SU2 x 4.SU2,6.0,-8.0,1.5,-0.7234117966,0.0000000000,-1.4468235932,0,0.851138,0
SU2 x SU2 x 2.SU2 x 2.SU2,2.SU2 x 4.SU2,6.0,-10.0,3.0,-1.0477669266,0.0000000000,-2.0955338532,0,1.08393,0
SU2 x SU2 x 2.SU2 x 2.SU2,SU2 x 5.SU2,6.0,-16.0,3.0,-1.3330147605,0.0000000000,-2.6660295210,0,0.851138,0
SU2 x SU2 x 2.SU2 x 2.SU2,6.SU2,6.0,-26.0,4.5,-1.9764243380,0.0000000000,-3.9528486761,0,0.822243,0
3.SU2 x USp6,SU2 x USp4 x 3.SU2,6.0,-1.0,4.0,-0.4653155709,0.0000000000,-0.9306311417,0,3.95822,0
3.SU2 x USp6,2.SU2 x 2.SU2 x 2.SU2,6.0,-2.0,7.5,-1.0336968553,0.0000000000,-2.0673937107,0,3.21736,0
3.SU2 x USp6,SU2 x SU2 x SU2 x 3.SU2,6.0,-2.0,6.0,-0.7765060655,0.0000000000,-1.5530121310,0,3.50752,0
3.SU2 x USp6,SU2 x 2.SU2 x 3.SU2,6.0,-4.0,7.5,-1.0998241624,0.0000000000,-2.1996483248,0,2.95121,0
3.SU2 x USp6,USp4 x 4.SU2,6.0,-7.0,5.5,-0.8865324712,0.0000000000,-1.7730649425,0,2.39883,0
3.SU2 x USp6,3.SU2 x 3.SU2,6.0,-8.0,9.0,-1.5170069534,0.0000000000,-3.0340139068,0,2.39883,0
3.SU2 x USp6,SU2 x SU2 x 4.SU2,6.0,-8.0,7.5,-1.2043906574,0.0000000000,-2.4087813149,0,2.52639,0
3.SU2 x USp6,2.SU2 x 4.SU2,6.0,-10.0,9.0,-1.5531115343,0.0000000000,-3.1062230686,0,2.27772,0
3.SU2 x USp6,SU2 x 5.SU2,6.0,-16.0,9.0,-1.7109802710,0.0000000000,-3.4219605420,0,1.8514,0
3.SU2 x USp6,6.SU2,6.0,-26.0,10.5,-2.2875750351,0.0000000000,-4.5751500702,0,1.40443,0
SU2 x USp4 x 3.SU2,2.SU2 x 2.SU2 x 2.SU2,6.0,-1.0,3.5,-0.5845073402,0.0000000000,-1.1690146803,0,2.61517,0
SU2 x USp4 x 3.SU2,SU2 x SU2 x SU2 x 3.SU2,6.0,-1.0,2.0,-0.3195527304,0.0000000000,-0.6391054609,0,2.80221,0
SU2 x USp4 x 3.SU2,SU2 x 2.SU2 x 3.SU2,6.0,-3.0,3.5,-0.6671115648,0.0000000000,-1.3342231296,0,2.20039,0
SU2 x USp4 x 3.SU2,USp4 x 4.SU2,6.0,-6.0,1.5,-0.5614880551,0.0000000000,-1.1229761102,0,0.977237,0
SU2 x USp4 x 3.SU2,3.SU2 x 3.SU2,6.0,-7.0,5.0,-1.1256927554,0.0000000000,-2.2513855109,0,1.75792,0
SU2 x USp4 x 3.SU2,SU2 x SU2 x 4.SU2,6.0,-7.0,3.5,-0.8128323431,0.0000000000,-1.6256646861,0,1.6125,0
SU2 x USp4 x 3.SU2,2.SU2 x 4.SU2,6.0,-9.0,5.0,-1.1743200431,0.0000000000,-2.3486400863,0,1.64059,0
SU2 x USp4 x 3.SU2,SU2 x 5.SU2,6.0,-15.0,5.0,-1.3920151251,0.0000000000,-2.7840302503,0,1.20226,0
SU2 x USp4 x 3.SU2,6.SU2,6.0,-25.0,6.5,-2.0173792019,0.0000000000,-4.0347584039,0,1.04713,0
2.SU2 x 2.SU2 x 2.SU2,SU2 x SU2 x SU2 x 3.SU2,6.0,0.0,-1.5,0.2658589022,0.5317178043,0.0000000000,2.44062,0,0
2.SU2 x 2.SU2 x 2.SU2,SU2 x 2.SU2 x 3.SU2,6.0,-2.0,0.0,-0.1704810158,0.0000000000,-0.3409620316,0,0.668344,0
2.SU2 x 2.SU2 x 2.SU2,USp4 x 4.SU2,6.0,-5.0,-2.0,-0.1323104229,0.3731546893,-0.6377755352,5.04081,0.46505,1
2.SU2 x 2.SU2 x 2.SU2,3.SU2 x 3.SU2,6.0,-6.0,1.5,-0.6403828223,0.0000000000,-1.2807656447,0,0.977237,0
2.SU2 x 2.SU2 x 2.SU2,SU2 x SU2 x 4.SU2,6.0,-6.0,0.0,-0.4444361606,0.0000000000,-0.8888723213,0,0.592243,0
2.SU2 x 2.SU2 x 2.SU2,2.SU2 x 4.SU2,6.0,-8.0,1.5,-0.7234117966,0.0000000000,-1.4468235932,0,0.851138,0
2.SU2 x 2.SU2 x 2.SU2,SU2 x 5.SU2,6.0,-14.0,1.5,-1.0428234602,0.0000000000,-2.0856469205,0,0.679986,0
2.SU2 x 2.SU2 x 2.SU2,6.SU2,6.0,-24.0,3.0,-1.6863995445,0.0000000000,-3.3727990890,0,0.703882,0
SU2 x SU2 x SU2 x 3.SU2,SU2 x 2.SU2 x 3.SU2,6.0,-2.0,1.5,-0.3617068090,0.0000000000,-0.7234136180,0,1.69824,0
SU2 x SU2 x SU2 x 3.SU2,USp4 x 4.SU2,6.0,-5.0,-0.5,-0.3762698367,0.0154702929,-0.7680099663,31.989,0.6346,1
SU2 x SU2 x SU2 x 3.SU2,3.SU2 x 3.SU2,6.0,-6.0,3.0,-0.8431954235,0.0000000000,-1.6863908470,0,1.40443,0
SU2 x SU2 x SU2 x 3.SU2,SU2 x SU2 x 4.SU2,6.0,-6.0,1.5,-0.5614880551,0.0000000000,-1.1229761102,0,0.977237,0
SU2 x SU2 x SU2 x 3.SU2,2.SU2 x 4.SU2,6.0,-8.0,3.0,-0.9036259696,0.0000000000,-1.8072519392,0,1.26619,0
SU2 x SU2 x SU2 x 3.SU2,SU2 x 5.SU2,6.0,-14.0,3.0,-1.1696022236,0.0000000000,-2.3392044472,0,0.912011,0
SU2 x SU2 x SU2 x 3.SU2,6.SU2,6.0,-24.0,4.5,-1.8110756435,0.0000000000,-3.6221512869,0,0.865964,0
SU2 x 2.SU2 x 3.SU2,USp4 x 4.SU2,6.0,-3.0,-2.0,0.0681365400,0.4654867705,-0.3292136906,4.02717,0.384592,1
SU2 x 2.SU2 x 3.SU2,3.SU2 x 3.SU2,6.0,-4.0,1.5,-0.4892667468,0.0000000000,-0.9785334936,0,1.20226,0
SU2 x 2.SU2 x 3.SU2,SU2 x SU2 x 4.SU2,6.0,-4.0,0.0,-0.2757928490,0.0000000000,-0.5515856980,0,0.552713,0
SU2 x 2.SU2 x 3.SU2,2.SU2 x 4.SU2,6.0,-6.0,1.5,-0.5614880551,0.0000000000,-1.1229761102,0,0.977237,0
SU2 x 2.SU2 x 3.SU2,SU2 x 5.SU2,6.0,-12.0,1.5,-0.8724851616,0.0000000000,-1.7449703232,0,0.691831,0
SU2 x 2.SU2 x 3.SU2,6.SU2,6.0,-22.0,3.0,-1.5163209976,0.0000000000,-3.0326419953,0,0.716143,0
USp4 x 4.SU2,3.SU2 x 3.SU2,6.0,-1.0,3.5,-0.6304744822,0.0000000000,-1.2609489643,0,2.39883,0
USp4 x 4.SU2,SU2 x SU2 x 4.SU2,6.0,-1.0,2.0,-0.3195527304,0.0000000000,-0.6391054609,0,2.80221,0
USp4 x 4.SU2,2.SU2 x 4.SU2,6.0,-3.0,3.5,-0.6671115648,0.0000000000,-1.3342231296,0,2.20039,0
USp4 x 4.SU2,SU2 x 5.SU2,6.0,-9.0,3.5,-0.8427565368,0.0000000000,-1.6855130737,0,1.47911,0
USp4 x 4.SU2,6.SU2,6.0,-19.0,5.0,-1.4567509525,0.0000000000,-2.9135019049,0,1.08393,0
3.SU2 x 3.SU2,SU2 x SU2 x 4.SU2,6.0,0.0,-1.5,0.3167888178,0.6335776356,0.0000000000,2.01837,0,0
3.SU2 x 3.SU2,2.SU2 x 4.SU2,6.0,-2.0,0.0,-0.1125849029,0.0000000000,-0.2251698058,0,0.42658,0
3.SU2 x 3.SU2,SU2 x 5.SU2,6.0,-8.0,0.0,-0.4609837934,0.0000000000,-0.9219675869,0,0.46505,0
3.SU2 x 3.SU2,6.SU2,6.0,-18.0,1.5,-1.0851070818,0.0000000000,-2.1702141636,0,0.562341,0
SU2 x SU2 x 4.SU2,2.SU2 x 4.SU2,6.0,-2.0,1.5,-0.3617068090,0.0000000000,-0.7234136180,0,1.69824,0
SU2 x SU2 x 4.SU2,SU2 x 5.SU2,6.0,-8.0,1.5,-0.6096029639,0.0000000000,-1.2192059278,0,0.851138,0
SU2 x SU2 x 4.SU2,6.SU2,6.0,-18.0,3.0,-1.2533666979,0.0000000000,-2.5067333958,0,0.808165,0
2.SU2 x 4.SU2,SU2 x 5.SU2,6.0,-6.0,0.0,-0.3490923677,0.0000000000,-0.6981847355,0,0.481393,0
2.SU2 x 4.SU2,6.SU2,6.0,-16.0,1.5,-0.9785297871,0.0000000000,-1.9570595743,0,0.60256,0
SU2 x 5.SU2,6.SU2,6.0,-10.0,1.5,-0.6446205588,0.0000000000,-1.2892411177,0,0.754223,0
