A_inf,a,b,block,chi,hi,known_spread,lambda_c,"lc_[-14,14]","lc_[-20,6]","lc_[-24,24]","lc_[-6,20]","lc_[-8,8]",lo,max_interior,max_spread,median_spread,min_interior,n_all_interior,n_cycles,n_same_bucket,n_sig,osc,prior,s_max,s_min,same_bucket,spread,triple,width
0.005389322035239508,"(6, 3, 3)","(7, 2, 1)",census,nan,,,,,,,,,,True,,,False,,,,,0.17584210366171693,,-0.5171235991601634,7.734700000000004,,,,
0.002125139351692673,"(7, 2, 1)","(6, 5, 1)",census,nan,,,,,,,,,,False,,,True,,,,,0.16081318088785257,,7.734700000000004,-0.20112454585622713,,,,
0.00829953217151344,"(6, 5, 1)","(6, 3, 3)",census,-0.2894276371469628,,,,,,,,,,True,,,True,,,,,0.06614031291937678,,1.0825302505381633,-1.0538600617567102,,,,
,,,known_support,,8,,230.40816046040067,,,,,,-8,,,,,,,,,,,,,,,,16
,,,known_support,,12,,286.70847617264997,,,,,,-12,,,,,,,,,,,,,,,,24
,,,known_support,,16,,323.07065961213203,,,,,,-16,,,,,,,,,,,,,,,,32
,,,known_support,,24,,371.18555448217694,,,,,,-24,,,,,,,,,,,,,,,,48
,,,known_support,,32,,403.7905109649024,,,,,,-32,,,,,,,,,,,,,,,,64
,,,known_support,,20,,349.9181628643148,,,,,,-6,,,,,,,,,,,,,,,,26
,,,known_support,,6,,184.49442846031195,,,,,,-20,,,,,,,,,,,,,,,,26
,,,known_support,,6,,184.4944310847797,,,,,,-6,,,,,,,,,,,,,,,,12
,,,known_support,,4,,100.2973956329158,,,,,,-4,,,,,,,,,,,,,,,,8
,,,known_support,,6,,184.4944284603153,,,,,,-40,,,,,,,,,,,,,,,,46
,,,known_support,,6,,184.49442881542743,,,,,,-8,,,,,,,,,,,,,,,,14
,,,known_support,,12,,286.70847617264957,,,,,,-40,,,,,,,,,,,,,,,,52
,,,known_support,,12,,286.70847617269425,,,,,,-8,,,,,,,,,,,,,,,,20
,,,known_support,,20,,349.9181628643142,,,,,,-40,,,,,,,,,,,,,,,,60
,,,known_support,,20,,349.918162864314,,,,,,-8,,,,,,,,,,,,,,,,28
,,,known_support,,,,85.79786540601465,,,,,,,,,,,,,,,,gaussian sd=2,,,,,,
,,,known_support,,,,155.11012921595756,,,,,,,,,,,,,,,,gaussian sd=4,,,,,,
,,,known_support,,,,263.1690955249817,,,,,,,,,,,,,,,,gaussian sd=8,,,,,,
,,,known_support,,,,110.53799020660993,,,,,,,,,,,,,,,,logistic sc=2,,,,,,
,,,known_support,,,,231.5968644792936,,,,,,,,,,,,,,,,logistic sc=4,,,,,,
,,,f11_census,,,,,,,,,,,,,,,73,132,73,296,,,,,,,,
,,,f11_lambda_c,,,,,1158.982321551964,1158.9812447634329,1158.9813104757575,1162.129794366055,1159.4132024092598,,,,,,,,,,,,,,True,1.0027166527645275,"(48, 64, 51)",
,,,f11_lambda_c,,,,,1158.982321551964,1158.9812447634329,1158.9813104757575,1162.129794366055,1159.4132024092598,,,,,,,,,,,,,,True,1.0027166527645275,"(48, 64, 57)",
,,,f11_lambda_c,,,,,1158.982321551964,1158.9812447634329,1158.9813104757575,1162.129794366055,1159.4132024092598,,,,,,,,,,,,,,True,1.0027166527645275,"(48, 64, 71)",
,,,f11_lambda_c,,,,,1158.982321551964,1158.9812447634329,1158.9813104757575,1162.129794366055,1159.4132024092598,,,,,,,,,,,,,,True,1.0027166527645275,"(48, 64, 78)",
,,,f11_lambda_c,,,,,1158.982321551964,1158.9812447634329,1158.9813104757575,1162.129794366055,1159.4132024092598,,,,,,,,,,,,,,True,1.0027166527645275,"(48, 64, 79)",
,,,f11_lambda_c,,,,,1158.982321551964,1158.9812447634329,1158.9813104757575,1162.129794366055,1159.4132024092598,,,,,,,,,,,,,,True,1.0027166527645275,"(48, 64, 80)",
,,,f11_lambda_c,,,,,1019.3738601297354,1019.376781489288,1019.3772258919602,1010.4682258122558,1018.1779624854935,,,,,,,,,,,,,,True,1.0088167048227004,"(50, 64, 51)",
,,,f11_lambda_c,,,,,1939.5332305299064,1939.5353111543625,1939.536550510748,1932.9712173769851,1938.6477141994874,,,,,,,,,,,,,,True,1.003396498134448,"(50, 64, 57)",
,,,f11_lambda_c,,,,,391.5926825712734,391.59362206164667,391.59367703191515,388.7536636630228,391.211382040368,,,,,,,,,,,,,,True,1.0073054317794266,"(50, 64, 71)",
,,,f11_lambda_c,,,,,285.10010736626725,280.9510916241637,285.1017740607855,284.23249762188965,284.4324793109649,,,,,,,,,,,,,,True,1.0147736832507996,"(50, 64, 78)",
,,,f11_lambda_c,,,,,874.6981910469264,872.868356823481,874.6989102725028,874.3577843233807,874.410607625021,,,,,,,,,,,,,,True,1.0020971701342039,"(50, 64, 79)",
,,,f11_lambda_c,,,,,884.6807084652013,882.918750408132,884.6814002345462,884.3551323962045,884.4041176362564,,,,,,,,,,,,,,True,1.0019963896175037,"(50, 64, 80)",
,,,f11_lambda_c,,,,,1019.3738601297354,1019.376781489288,1019.3772258919602,1010.4682258122558,1018.1779624854935,,,,,,,,,,,,,,True,1.0088167048227004,"(51, 61, 64)",
,,,f11_lambda_c,,,,,1019.3738601297354,1019.376781489288,1019.3772258919602,1010.4682258122558,1018.1779624854935,,,,,,,,,,,,,,True,1.0088167048227004,"(51, 62, 64)",
,,,f11_lambda_c,,,,,1019.3738601297354,1019.376781489288,1019.3772258919602,1010.4682258122558,1018.1779624854935,,,,,,,,,,,,,,True,1.0088167048227004,"(51, 66, 64)",
,,,f11_lambda_c,,,,,671.9120736085804,667.8471957147335,671.9135193297485,671.5869843578388,671.3335714093186,,,,,,,,,,,,,,True,1.0060887035853512,"(52, 79, 67)",
,,,f11_lambda_c,,,,,725.5113946979267,722.0264293406052,725.5126334808318,725.2368182386123,725.0158474609665,,,,,,,,,,,,,,True,1.0048283608446444,"(52, 80, 67)",
,,,f11_lambda_c,,,,,874.6981910469264,872.868356823481,874.6989102725028,874.3577843233807,874.410607625021,,,,,,,,,,,,,,True,1.0020971701342039,"(61, 64, 79)",
,,,f11_lambda_c,,,,,884.6807084652013,882.918750408132,884.6814002345462,884.3551323962045,884.4041176362564,,,,,,,,,,,,,,True,1.0019963896175037,"(61, 64, 80)",
,,,f11_lambda_c,,,,,285.10010736626725,280.9510916241637,285.1017740607855,284.23249762188965,284.4324793109649,,,,,,,,,,,,,,True,1.0147736832507996,"(62, 64, 78)",
,,,f11_lambda_c,,,,,874.6981910469264,872.868356823481,874.6989102725028,874.3577843233807,874.410607625021,,,,,,,,,,,,,,True,1.0020971701342039,"(62, 64, 79)",
,,,f11_lambda_c,,,,,884.6807084652013,882.918750408132,884.6814002345462,884.3551323962045,884.4041176362564,,,,,,,,,,,,,,True,1.0019963896175037,"(62, 64, 80)",
,,,f11_lambda_c,,,,,874.6981910469264,872.868356823481,874.6989102725028,874.3577843233807,874.410607625021,,,,,,,,,,,,,,True,1.0020971701342039,"(64, 79, 65)",
,,,f11_lambda_c,,,,,874.6981910469264,872.868356823481,874.6989102725028,874.3577843233807,874.410607625021,,,,,,,,,,,,,,True,1.0020971701342039,"(64, 79, 66)",
,,,f11_lambda_c,,,,,874.6981910469264,872.868356823481,874.6989102725028,874.3577843233807,874.410607625021,,,,,,,,,,,,,,True,1.0020971701342039,"(64, 79, 67)",
,,,f11_lambda_c,,,,,884.6807084652013,882.918750408132,884.6814002345462,884.3551323962045,884.4041176362564,,,,,,,,,,,,,,True,1.0019963896175037,"(64, 80, 65)",
,,,f11_lambda_c,,,,,884.6807084652013,882.918750408132,884.6814002345462,884.3551323962045,884.4041176362564,,,,,,,,,,,,,,True,1.0019963896175037,"(64, 80, 66)",
,,,f11_lambda_c,,,,,884.6807084652013,882.918750408132,884.6814002345462,884.3551323962045,884.4041176362564,,,,,,,,,,,,,,True,1.0019963896175037,"(64, 80, 67)",
,,,f11_lambda_c,,,,,40868.961376551015,40868.96137662193,40868.96137661253,40868.96137652242,40868.961376559506,,,,,,,,,,,,,,True,1.000000000002435,"(68, 69, 74)",
,,,f11_lambda_c,,,,,13146.031277342337,13146.031277341643,13146.031277340831,13146.031277292457,13146.031277335196,,,,,,,,,,,,,,True,1.0000000000037943,"(68, 69, 75)",
,,,f11_lambda_c,,,,,472.52729903596946,466.2786498605721,472.5296022009217,471.7955179039117,471.6049380059507,,,,,,,,,,,,,,True,1.013406044523417,"(68, 69, 82)",
,,,f11_lambda_c,,,,,40868.961376551015,40868.96137662193,40868.96137661253,40868.96137652242,40868.961376559506,,,,,,,,,,,,,,True,1.000000000002435,"(69, 74, 70)",
,,,f11_lambda_c,,,,,13146.031277342337,13146.031277341643,13146.031277340831,13146.031277292457,13146.031277335196,,,,,,,,,,,,,,True,1.0000000000037943,"(69, 75, 70)",
,,,f11_lambda_c,,,,,1901.6545089102415,913.5643665062457,2310.6526049391505,2180.0120786022258,1344.75313112776,,,,,,,,,,,,,,False,2.5292718166929,"(77, 103, 85)",
,,,f11_lambda_c,,,,,1901.6545089102415,913.5643665062457,2310.6526049391505,2180.0120786022258,1344.75313112776,,,,,,,,,,,,,,False,2.5292718166929,"(77, 103, 87)",
,,,f11_lambda_c,,,,,1901.6545089102415,913.5643665062457,2310.6526049391505,2180.0120786022258,1344.75313112776,,,,,,,,,,,,,,False,2.5292718166929,"(77, 103, 89)",
,,,f11_lambda_c,,,,,1901.6545089102415,913.5643665062457,2310.6526049391505,2180.0120786022258,1344.75313112776,,,,,,,,,,,,,,False,2.5292718166929,"(77, 103, 93)",
,,,f11_lambda_c,,,,,1901.6545089102415,913.5643665062457,2310.6526049391505,2180.0120786022258,1344.75313112776,,,,,,,,,,,,,,False,2.5292718166929,"(77, 103, 94)",
,,,f11_lambda_c,,,,,699.8308055809119,699.8315259690152,699.831566812953,697.6556192659091,699.5385127950528,,,,,,,,,,,,,,True,1.0031189421929025,"(123, 138, 137)",
,,,f11_lambda_c,,,,,2087.7747825629976,1046.520834456802,2528.0729628516065,2387.1771980222843,1494.720154061727,,,,,,,,,,,,,,False,2.4156929127586895,"(140, 159, 146)",
,,,f11_lambda_c,,,,,2087.7747825629976,,2528.0729628516065,2387.1771980222843,1494.720154061727,,,,,,,,,,,,,,False,nan,"(140, 159, 153)",
,,,f11_lambda_c,,,,,698.5717055686637,697.2714206758354,698.5722286288956,698.3041831687955,698.3626261835584,,,,,,,,,,,,,,True,1.001865569008693,"(141, 142, 153)",
,,,f11_lambda_c,,,,,1511.4086051415072,717.2199256978655,1849.2989257771408,1741.130001104856,1057.6757016894453,,,,,,,,,,,,,,False,2.5784265878806223,"(141, 142, 160)",
,,,f11_lambda_c,,,,,1524.6319583036418,725.1116738450365,1864.7616399851483,1755.8762581030219,1067.872234128837,,,,,,,,,,,,,,False,2.571688895997096,"(141, 142, 161)",
,,,f11_lambda_c,,,,,2331.075560597103,1152.336933751817,2826.627484489643,2668.132452144853,1661.5855649024772,,,,,,,,,,,,,,False,2.4529522587518002,"(141, 142, 162)",
,,,f11_lambda_c,,,,,4819.377432235174,2537.84316900007,5758.029137063186,5458.2740622276015,3537.9876614419964,,,,,,,,,,,,,,False,2.26886720479733,"(141, 142, 166)",
,,,f11_lambda_c,,,,,5304.548953708736,2829.016188431527,6320.644684154053,5996.201959743453,3915.982656633021,,,,,,,,,,,,,,False,2.2342200479447825,"(141, 142, 175)",
,,,f11_lambda_c,,,,,8747.273557532277,4896.710095511622,10304.431580202978,9807.679083356825,6605.070257599891,,,,,,,,,,,,,,False,2.104358105587695,"(141, 158, 153)",
,,,f11_lambda_c,,,,,1467.2229362657436,,1789.3024440250892,1686.1567015064463,1035.596757151685,,,,,,,,,,,,,,False,nan,"(141, 159, 153)",
,,,f11_lambda_c,,,,,5304.548953708736,,6320.644684154053,5996.201959743453,3915.982656633021,,,,,,,,,,,,,,False,nan,"(142, 175, 154)",
,,,f11_lambda_c,,,,,5738.020423263371,,6846.993746038399,6493.816872510411,4198.631975981081,,,,,,,,,,,,,,False,nan,"(148, 175, 154)",
,,,f11_lambda_c,,,,,4706.9121591036055,2246.718974317144,5670.8923048430615,5364.311054074116,3358.5655058049597,,,,,,,,,,,,,,False,2.524077274313599,"(149, 163, 154)",
,,,f11_lambda_c,,,,,2563.6751784997396,1159.702051696422,3123.4308125834377,2945.212179885735,1786.839529106605,,,,,,,,,,,,,,False,2.693304550090652,"(149, 164, 154)",
,,,f11_lambda_c,,,,,7939.971135078434,4021.3053053140447,9454.593889024873,8973.246584735698,5809.165565465341,,,,,,,,,,,,,,False,2.3511256100179425,"(149, 174, 154)",
,,,f11_lambda_c,,,,,7939.971135078434,,9454.593889024873,8973.246584735698,5809.165565465341,,,,,,,,,,,,,,False,nan,"(149, 174, 155)",
,,,f11_lambda_c,,,,,1098.256437556628,,1363.688837183797,1279.0587929917474,733.6045574232006,,,,,,,,,,,,,,False,nan,"(149, 175, 154)",
,,,f11_lambda_c,,,,,2817.955201234631,1330.9577733628146,3411.9277674328773,3222.774426404914,1994.4057251612282,,,,,,,,,,,,,,False,2.563513160009771,"(149, 189, 154)",
,,,f11_lambda_c,,,,,2817.955201234631,1330.9577733628146,3411.9277674328773,3222.774426404914,1994.4057251612282,,,,,,,,,,,,,,False,2.563513160009771,"(149, 189, 169)",
,,,f11_lambda_c,,,,,468159.7477949629,468159.7478281031,468159.74782859086,468159.7478463524,468159.747757773,,,,,,,,,,,,,,False,1.0000000001892078,"(149, 189, 170)",
,,,f11_lambda_c,,,,,2817.955201234631,1330.9577733628146,3411.9277674328773,3222.774426404914,1994.4057251612282,,,,,,,,,,,,,,False,2.563513160009771,"(149, 189, 176)",
,,,f11_lambda_c,,,,,35218.51416303493,1045.5539107836294,46087.74707464118,43083.43744327436,8703.790187500224,,,,,,,,,,,,,,False,44.07974242102829,"(155, 189, 169)",
,,,f11_lambda_c,,,,,468159.7477949629,468159.7478281031,468159.74782859086,468159.7478463524,468159.747757773,,,,,,,,,,,,,,False,1.0000000001892078,"(155, 189, 170)",
,,,f11_lambda_c,,,,,35218.51416303493,,46087.74707464118,43083.43744327436,8703.790187500224,,,,,,,,,,,,,,False,nan,"(155, 189, 174)",
,,,f11_lambda_c,,,,,35218.51416303493,1045.5539107836294,46087.74707464118,43083.43744327436,8703.790187500224,,,,,,,,,,,,,,False,44.07974242102829,"(155, 189, 176)",
,,,f11_lambda_c,,,,,13619.332483399,,17669.05185861902,16504.31117779985,,,,,,,,,,,,,,,False,nan,"(156, 187, 167)",
,,,f11_lambda_c,,,,,2272.2407657304707,,3061.2143858958593,2827.39524017352,822.5402082763657,,,,,,,,,,,,,,False,nan,"(157, 199, 232)",
,,,f11_lambda_c,,,,,2272.2407657304707,,3061.2143858958593,2827.39524017352,822.5402082763657,,,,,,,,,,,,,,False,nan,"(157, 199, 233)",
,,,f11_lambda_c,,,,,70182.39739025338,47105.257495889506,79961.07631671277,76824.64991151837,57088.507628044004,,,,,,,,,,,,,,False,1.6974979135543486,"(157, 199, 234)",
,,,f11_lambda_c,,,,,4743.818971482467,,6445.724721135322,5953.010351764199,2515.596895810935,,,,,,,,,,,,,,False,nan,"(157, 205, 232)",
,,,f11_lambda_c,,,,,4743.818971482467,,6445.724721135322,5953.010351764199,2672.071676519731,,,,,,,,,,,,,,False,nan,"(157, 205, 233)",
,,,f11_lambda_c,,,,,722.377374970654,,953.8692055704289,882.3712752312316,366.52788783368544,,,,,,,,,,,,,,False,nan,"(157, 226, 206)",
,,,f11_lambda_c,,,,,2495.6220930860923,,3267.901804265331,3035.90510323301,1132.9812874917413,,,,,,,,,,,,,,False,nan,"(157, 227, 206)",
,,,f11_lambda_c,,,,,1844.6815733748326,1844.6815811332226,1844.681581567585,1844.658296823635,1844.678429234885,,,,,,,,,,,,,,True,1.00001262279523,"(172, 173, 184)",
,,,f11_lambda_c,,,,,1804.3299683092919,1804.32997754696,1804.3299780647396,1804.3022566228599,1804.326224678006,,,,,,,,,,,,,,True,1.0000153640787057,"(172, 173, 190)",
,,,f11_lambda_c,,,,,762.7062753102799,762.7071089509293,762.7071878840071,760.1886126409762,762.3669893285207,,,,,,,,,,,,,,True,1.0033130925682787,"(172, 173, 191)",
,,,f11_lambda_c,,,,,1529.3375608353088,1529.3375924582358,1529.3375942507273,1529.2427356395017,1529.32474425964,,,,,,,,,,,,,,True,1.00006202979358,"(172, 173, 194)",
,,,f11_lambda_c,,,,,1716.4664105675442,1716.466627243303,1716.4666484747759,1715.8139024398147,1716.3782423190219,,,,,,,,,,,,,,True,1.0003804293892438,"(172, 177, 184)",
,,,f11_lambda_c,,,,,1943.669611984224,1943.669711629523,1943.6697214143446,1943.369754565958,1943.6290693560836,,,,,,,,,,,,,,True,1.0001543539759647,"(172, 177, 190)",
,,,f11_lambda_c,,,,,2299.9605547211986,2299.9605876714313,2299.9605909739116,2299.861404642804,2299.9471467440326,,,,,,,,,,,,,,True,1.000043127090575,"(172, 177, 194)",
,,,f11_lambda_c,,,,,688.988099104162,688.9896770195503,688.990485332898,684.0396613779941,688.3212931231927,,,,,,,,,,,,,,True,1.007237627047722,"(172, 183, 191)",
,,,f11_lambda_c,,,,,1357.1534522178624,1357.1568474307455,1357.157953880337,1346.666120268471,1355.7420257096662,,,,,,,,,,,,,,True,1.007790968714483,"(173, 191, 181)",
,,,f11_lambda_c,,,,,1529.3375608353088,1529.3375924582358,1529.3375942507273,1529.2427356395017,1529.32474425964,,,,,,,,,,,,,,True,1.00006202979358,"(173, 194, 181)",
,,,f11_lambda_c,,,,,783.5337746474803,783.5347748016293,783.5348865874815,780.5061171657146,783.1260362761724,,,,,,,,,,,,,,True,1.0038805197744836,"(177, 183, 191)",
,,,f11_lambda_c,,,,,1716.4664105675442,1716.466627243303,1716.4666484747759,1715.8139024398147,1716.3782423190219,,,,,,,,,,,,,,True,1.0003804293892438,"(177, 184, 191)",
,,,f11_lambda_c,,,,,1943.669611984224,1943.669711629523,1943.6697214143446,1943.369754565958,1943.6290693560836,,,,,,,,,,,,,,True,1.0001543539759647,"(177, 190, 191)",
,,,f11_lambda_c,,,,,2299.9605547211986,2299.9605876714313,2299.9605909739116,2299.861404642804,2299.9471467440326,,,,,,,,,,,,,,True,1.000043127090575,"(177, 194, 181)",
,,,f11_lambda_c,,,,,2299.9605547211986,2299.9605876714313,2299.9605909739116,2299.861404642804,2299.9471467440326,,,,,,,,,,,,,,True,1.000043127090575,"(177, 194, 191)",
,,,f11_lambda_c,,,,,7693.144190278082,7693.144191348897,7693.144191591189,7693.140925983652,7693.1437494185275,,,,,,,,,,,,,,True,1.0000004244829996,"(180, 186, 195)",
,,,f11_lambda_c,,,,,1357.1534522178624,1357.1568474307455,1357.157953880337,1346.666120268471,1355.7420257096662,,,,,,,,,,,,,,True,1.007790968714483,"(181, 183, 191)",
,,,f11_lambda_c,,,,,1885.7548174700335,1885.756482081124,1885.7568511296558,1880.669519375039,1885.0694545360373,,,,,,,,,,,,,,True,1.0027050641817747,"(181, 184, 191)",
,,,f11_lambda_c,,,,,2627.883449999464,2627.88410334693,2627.884248917937,2625.892927955623,2627.614530813915,,,,,,,,,,,,,,True,1.0007583405024303,"(181, 190, 191)",
,,,f11_lambda_c,,,,,2440.2562789253557,2440.260386254147,2440.272177088532,2424.7413205186303,2438.160039094096,,,,,,,,,,,,,,True,1.006405160186976,"(183, 191, 188)",
,,,f11_lambda_c,,,,,20930.425890550046,20930.426140987576,20930.426338943835,20929.625342382424,20930.3175587994,,,,,,,,,,,,,,True,1.0000382709460063,"(196, 202, 197)",
,,,f11_lambda_c,,,,,2615.4952063082915,2615.4952218928674,2615.49522344325,2615.4483020761663,2615.488865218317,,,,,,,,,,,,,,True,1.000017940085853,"(196, 207, 197)",
,,,f11_lambda_c,,,,,2615.4952063082915,2615.4952218928674,2615.49522344325,2615.4483020761663,2615.488865218317,,,,,,,,,,,,,,True,1.000017940085853,"(196, 207, 213)",
,,,f11_lambda_c,,,,,837.5048254730538,837.5053813589891,837.5054510748597,835.8240524275752,837.2779954894121,,,,,,,,,,,,,,True,1.0020116657834877,"(196, 210, 197)",
,,,f11_lambda_c,,,,,855.5306366593344,855.5311485133313,855.531219586273,853.981511208742,855.3215244995223,,,,,,,,,,,,,,True,1.0018146860993953,"(196, 211, 197)",
,,,f11_lambda_c,,,,,863.779221709174,863.7794325729418,863.7794497225728,863.1450204908688,863.6935414813544,,,,,,,,,,,,,,True,1.000735020438794,"(196, 218, 197)",
,,,f11_lambda_c,,,,,1007.552267776274,1007.5529974737557,1007.5530759405589,1005.3472343112463,1007.2549618992992,,,,,,,,,,,,,,True,1.002194109213245,"(198, 207, 213)",
,,,f11_lambda_c,,,,,1550.710227739293,1550.7104249354466,1550.710446127878,1550.1161214373462,1550.6299185919745,,,,,,,,,,,,,,True,1.000383406560523,"(198, 215, 203)",
,,,f11_lambda_c,,,,,1550.710227739293,1550.7104249354466,1550.710446127878,1550.1161214373462,1550.6299185919745,,,,,,,,,,,,,,True,1.000383406560523,"(198, 215, 213)",
,,,f11_lambda_c,,,,,8133.74493283795,8133.744932840773,8133.744932838823,8133.744932838701,8133.744932837094,,,,,,,,,,,,,,True,1.0000000000004523,"(199, 226, 206)",
,,,f11_lambda_c,,,,,876.0946110276012,454.9061738956672,1071.006055321811,1008.0634007630917,626.3249771296843,,,,,,,,,,,,,,False,2.3543449545871544,"(199, 232, 227)",
,,,f11_lambda_c,,,,,885.6828612438654,462.3358657624901,1081.7213555562378,1018.4094378212503,634.5821877840765,,,,,,,,,,,,,,False,2.339687304536172,"(199, 233, 227)",
,,,f11_lambda_c,,,,,70182.39739025338,47105.257495889506,79961.07631671277,76824.64991151837,57088.507628044004,,,,,,,,,,,,,,False,1.6974979135543486,"(199, 234, 206)",
,,,f11_lambda_c,,,,,70182.39739025338,47105.257495889506,79961.07631671277,76824.64991151837,57088.507628044004,,,,,,,,,,,,,,False,1.6974979135543486,"(199, 234, 227)",
,,,f11_lambda_c,,,,,70182.39739025338,47105.257495889506,79961.07631671277,76824.64991151837,57088.507628044004,,,,,,,,,,,,,,False,1.6974979135543486,"(199, 234, 228)",
,,,f11_lambda_c,,,,,1586.5072236249532,1586.508404246956,1586.508785752409,1582.8734804022092,1586.0167682680383,,,,,,,,,,,,,,True,1.0022966493501906,"(203, 207, 213)",
,,,f11_lambda_c,,,,,1649.0479577226163,1649.0491614628907,1649.0495476747324,1645.3436320015333,1648.5479984914516,,,,,,,,,,,,,,True,1.0022523657679283,"(204, 208, 214)",
,,,f11_lambda_c,,,,,3331.860419058098,1933.9997245137274,3959.349457913925,3757.1872297239765,2515.596895810935,,,,,,,,,,,,,,False,2.0472337238359426,"(205, 232, 226)",
,,,f11_lambda_c,,,,,3331.860419058098,1933.9997245137274,3959.349457913925,3757.1872297239765,2515.596895810935,,,,,,,,,,,,,,False,2.0472337238359426,"(205, 232, 227)",
,,,f11_lambda_c,,,,,3528.1477717275393,2061.6671353601782,4186.051411186472,3974.0976116476427,2672.071676519731,,,,,,,,,,,,,,False,2.030420594765488,"(205, 233, 226)",
,,,f11_lambda_c,,,,,3528.1477717275393,2061.6671353601782,4186.051411186472,3974.0976116476427,2672.071676519731,,,,,,,,,,,,,,False,2.030420594765488,"(205, 233, 227)",
,,,f11_lambda_c,,,,,1684.2862844959104,927.8228475052949,2027.3512758428562,1916.7314255716576,1240.4355357333234,,,,,,,,,,,,,,False,2.1850628935188907,"(206, 232, 226)",
,,,f11_lambda_c,,,,,1684.2862844959104,927.8228475052949,2027.3512758428562,1916.7314255716576,1240.4355357333234,,,,,,,,,,,,,,False,2.1850628935188907,"(206, 232, 227)",
,,,f11_lambda_c,,,,,1751.5451785967027,971.2966999908061,2105.4148180563025,1991.3097067734352,1293.7235963841954,,,,,,,,,,,,,,False,2.1676330394988796,"(206, 233, 226)",
,,,f11_lambda_c,,,,,1751.5451785967027,971.2966999908061,2105.4148180563025,1991.3097067734352,1293.7235963841954,,,,,,,,,,,,,,False,2.1676330394988796,"(206, 233, 227)",
,,,f11_lambda_c,,,,,3496.0346969179795,3496.0352131931636,3496.0353118949624,3494.4662685495264,3495.8228175819822,,,,,,,,,,,,,,True,1.0004490080100523,"(208, 214, 217)",
,,,f11_lambda_c,,,,,2258.268991566707,2258.2690361668765,2258.269040692258,2258.1347671598924,2258.250840753892,,,,,,,,,,,,,,True,1.000059462142968,"(208, 214, 220)",
,,,f11_lambda_c,,,,,3496.0346969179795,3496.0352131931636,3496.0353118949624,3494.4662685495264,3495.8228175819822,,,,,,,,,,,,,,True,1.0004490080100523,"(209, 214, 217)",
,,,f11_lambda_c,,,,,2258.268991566707,2258.2690361668765,2258.269040692258,2258.1347671598924,2258.250840753892,,,,,,,,,,,,,,True,1.000059462142968,"(209, 214, 220)",
,,,f11_lambda_c,,,,,3496.0346969179795,3496.0352131931636,3496.0353118949624,3494.4662685495264,3495.8228175819822,,,,,,,,,,,,,,True,1.0004490080100523,"(214, 217, 216)",
,,,f11_lambda_c,,,,,2258.268991566707,2258.2690361668765,2258.269040692258,2258.1347671598924,2258.250840753892,,,,,,,,,,,,,,True,1.000059462142968,"(214, 220, 216)",
,,,f11_lambda_c,,,,,4910.157257259255,2607.393259501581,5851.623711026236,5551.134992592557,3620.7221367963944,,,,,,,,,,,,,,False,2.244242861985771,"(221, 234, 228)",
,,,f11_lambda_c,,,,,33620.609537160184,19018.14744742619,39057.23877291191,37333.044448565575,25852.82529098569,,,,,,,,,,,,,,False,2.0536826145071085,"(222, 234, 228)",
,,,f11_lambda_c,,,,,3144.2378243258104,1527.6650620859648,3794.5568521956043,3587.3454799617048,2245.588778580682,,,,,,,,,,,,,,False,2.4838931951577727,"(223, 234, 228)",
,,,f11_lambda_c,,,,,3449.7464529574654,,4487.059485412549,4175.424191178363,1612.3491364972392,,,,,,,,,,,,,,False,nan,"(230, 253, 250)",
,,,f11_lambda_c,,,,,905.0174332032709,,1210.1048277892755,1116.649164299481,421.7656822366356,,,,,,,,,,,,,,False,nan,"(231, 255, 252)",
,,,f11_lambda_c,,,,,1522.4893189886734,689.5231146194732,1863.4321352869192,1754.6916292806864,1054.9524693905507,,,,,,,,,,,,,,False,2.702494080006717,"(259, 265, 260)",
,,,f11_lambda_c,,,,,4758.453264908772,2371.8566578354835,5698.658212046658,5399.536487485068,3446.269730161276,,,,,,,,,,,,,,False,2.4026149275172295,"(259, 266, 260)",
,,,f11_lambda_c,,,,,2766.3636416842182,1276.3384878652253,3362.40180095289,3172.6193142345433,1939.9366134685238,,,,,,,,,,,,,,False,2.6344122918182675,"(259, 268, 260)",
,,,f11_lambda_c,,,,,3179.4247462749104,1495.6929477024728,3850.2545110340106,3636.7069712373286,2247.652088276323,,,,,,,,,,,,,,False,2.574227896807543,"(259, 271, 260)",
,,,summary,,,2.0119065794012614,,,,,,,,,44.07974242102829,1.0032160173805906,,,,,,,,,,,,,
