q,implementer,implemented,rate,contact_beta,closed_form
3,S,S,1.000000000000000,0,
3,S,L,0.630929753571457,0,0.630929753571457
3,S,A,0.630929753571457,0,0.630929753571457
3,S,X,0.630929753571457,0,0.630929753571457
3,L,S,0.613147192765458,inf,0.613147192765458
3,L,L,1.000000000000000,0,
3,L,A,0.792481250360578,inf,0.792481250360578
3,L,X,0.682606194485985,inf,0.682606194485985
3,A,S,0.773705614469083,inf,0.773705614469083
3,A,L,0.975301061607425,0.3835,
3,A,A,1.000000000000000,0,
3,A,X,0.861353116146786,inf,0.861353116146786
3,X,S,0.897377759644884,4.6160,
3,X,L,0.984018804151416,0.4192,
3,X,A,0.996599956917753,1.4842,
3,X,X,1.000000000000000,0,
4,S,S,1.000000000000000,0,
4,S,L,0.500000000000000,0,0.500000000000000
4,S,A,0.500000000000000,0,0.500000000000000
4,S,X,0.500000000000000,0,0.500000000000000
4,L,S,0.666666666666667,inf,0.666666666666667
4,L,L,1.000000000000000,0,
4,L,A,0.861353116146786,inf,0.861353116146786
4,L,X,0.712414374216044,inf,0.712414374216044
4,A,S,0.773976031629121,inf,0.773976031629121
4,A,L,0.980823740807147,0.3703,
4,A,A,1.000000000000000,0,
4,A,X,0.827087475346916,inf,0.827087475346916
4,X,S,0.872191801461298,3.2885,
4,X,L,0.990191908317436,0.4258,
4,X,A,0.996441744735937,1.4867,
4,X,X,1.000000000000000,0,
5,S,S,1.000000000000000,0,
5,S,L,0.682606194485985,0,0.682606194485985
5,S,A,0.682606194485985,0,0.682606194485985
5,S,X,0.682606194485985,0,0.682606194485985
5,L,S,0.698970004336019,inf,0.698970004336019
5,L,L,1.000000000000000,0,
5,L,A,0.898244401703927,inf,0.898244401703927
5,L,X,0.732486760358963,inf,0.732486760358963
5,A,S,0.778151250383644,inf,0.778151250383644
5,A,L,0.984346417218881,0.3607,
5,A,A,1.000000000000000,0,
5,A,X,0.815464876785729,inf,0.815464876785729
5,X,S,0.898263674598285,3.4831,
5,X,L,0.993132225836154,0.4295,
5,X,A,0.996755806084529,1.4880,
5,X,X,1.000000000000000,0,
7,S,S,1.000000000000000,0,
7,S,L,0.712414374216044,0,0.712414374216044
7,S,A,0.712414374216044,0,0.712414374216044
7,S,X,0.712414374216044,0,0.712414374216044
7,L,S,0.737350464962806,inf,0.737350464962806
7,L,L,1.000000000000000,0,
7,L,A,0.935784974019201,inf,0.935784974019201
7,L,X,0.758654412959299,inf,0.758654412959299
7,A,S,0.787948605111581,inf,0.787948605111581
7,A,L,0.988581224804591,0.3472,
7,A,A,1.000000000000000,0,
7,A,X,0.810714463281959,inf,0.810714463281959
7,X,S,0.898645342485930,3.5922,
7,X,L,0.995877617406041,0.4335,
7,X,A,0.997439400297770,1.4889,
7,X,X,1.000000000000000,0,
8,S,S,1.000000000000000,0,
8,S,L,0.666666666666667,0,0.666666666666667
8,S,A,0.666666666666667,0,0.666666666666667
8,S,X,0.666666666666667,0,0.666666666666667
8,L,S,0.750000000000000,inf,0.750000000000000
8,L,L,1.000000000000000,0,
8,L,A,0.946394630357186,inf,0.946394630357186
8,L,X,0.767874074429446,inf,0.767874074429446
8,A,S,0.792481250360578,inf,0.792481250360578
8,A,L,0.989952148898202,0.3421,
8,A,A,1.000000000000000,0,
8,A,X,0.811367742164426,inf,0.811367742164426
8,X,S,0.890312728270689,3.5765,
8,X,L,0.996609297070014,0.4347,
8,X,A,0.997714829771929,1.4889,
8,X,X,1.000000000000000,0,
9,S,S,1.000000000000000,0,
9,S,L,0.732486760358963,0,0.732486760358963
9,S,A,0.732486760358963,0,0.732486760358963
9,S,X,0.732486760358963,0,0.732486760358963
9,L,S,0.760187533431869,inf,0.760187533431869
9,L,L,1.000000000000000,0,
9,L,A,0.954242509439325,inf,0.954242509439325
9,L,X,0.775523870076980,inf,0.775523870076980
9,A,S,0.796639770196912,inf,0.796639770196912
9,A,L,0.991034225346445,0.3378,
9,A,A,1.000000000000000,0,
9,A,X,0.812711509291959,inf,0.812711509291959
9,X,S,0.899432420155637,3.7276,
9,X,L,0.997137991250940,0.4357,
9,X,A,0.997946573330516,1.4889,
9,X,X,1.000000000000000,0,
11,S,S,1.000000000000000,0,
11,S,L,0.747221736309214,0,0.747221736309214
11,S,A,0.747221736309214,0,0.747221736309214
11,S,X,0.747221736309214,0,0.747221736309214
11,L,S,0.775756175782425,inf,0.775756175782425
11,L,L,1.000000000000000,0,
11,L,A,0.964984045981344,inf,0.964984045981344
11,L,X,0.787609656965256,inf,0.787609656965256
11,A,S,0.803905700838315,inf,0.803905700838315
11,A,L,0.992632497789156,0.3306,
11,A,A,1.000000000000000,0,
11,A,X,0.816189304108436,inf,0.816189304108436
11,X,S,0.900305666517212,3.8550,
11,X,L,0.997844241013610,0.4370,
11,X,A,0.998307556276405,1.4887,
11,X,X,1.000000000000000,0,
13,S,S,1.000000000000000,0,
13,S,L,0.758654412959299,0,0.758654412959299
13,S,A,0.758654412959299,0,0.758654412959299
13,S,X,0.758654412959299,0,0.758654412959299
13,L,S,0.787253946446637,inf,0.787253946446637
13,L,L,1.000000000000000,0,
13,L,A,0.971918771402921,inf,0.971918771402921
13,L,X,0.796846320583541,inf,0.796846320583541
13,A,S,0.809999734144728,inf,0.809999734144728
13,A,L,0.993755298146326,0.3249,
13,A,A,1.000000000000000,0,
13,A,X,0.819869256597780,inf,0.819869256597780
13,X,S,0.901163769941373,3.9707,
13,X,L,0.998289394859110,0.4379,
13,X,A,0.998571250413655,1.4883,
13,X,X,1.000000000000000,0,
16,S,S,1.000000000000000,0,
16,S,L,0.750000000000000,0,0.750000000000000
16,S,A,0.750000000000000,0,0.750000000000000
16,S,X,0.750000000000000,0,0.750000000000000
16,L,S,0.800000000000000,inf,0.800000000000000
16,L,L,1.000000000000000,0,
16,L,A,0.978602168472904,inf,0.978602168472904
16,L,X,0.807396346328399,inf,0.807396346328399
16,A,S,0.817492568250068,inf,0.817492568250068
16,A,L,0.994926090970237,0.3180,
16,A,A,1.000000000000000,0,
16,A,X,0.825050640944656,inf,0.825050640944656
16,X,S,0.899215578493670,4.0770,
16,X,L,0.998710242263906,0.4388,
16,X,A,0.998851825636772,1.4878,
16,X,X,1.000000000000000,0,
25,S,S,1.000000000000000,0,
25,S,L,0.796846320583541,0,0.796846320583541
25,S,A,0.796846320583541,0,0.796846320583541
25,S,X,0.796846320583541,0,0.796846320583541
25,L,S,0.822816179864442,inf,0.822816179864442
25,L,L,1.000000000000000,0,
25,L,A,0.987962077643931,inf,0.987962077643931
25,L,X,0.827087475346916,inf,0.827087475346916
25,A,S,0.832841865577144,inf,0.832841865577144
25,A,L,0.996773679456307,0.3043,
25,A,A,1.000000000000000,0,
25,A,X,0.837165205084932,inf,0.837165205084932
25,X,S,0.905280720251496,4.4856,
25,X,L,0.999285722767504,0.4402,
25,X,A,0.999297231292485,1.4863,
25,X,X,1.000000000000000,0,
27,S,S,1.000000000000000,0,
27,S,L,0.800724500910960,0,0.800724500910960
27,S,A,0.800724500910960,0,0.800724500910960
27,S,X,0.800724500910960,0,0.800724500910960
27,L,S,0.826234657128560,inf,0.826234657128560
27,L,L,1.000000000000000,0,
27,L,A,0.989086010759597,inf,0.989086010759597
27,L,X,0.830124569620279,inf,0.830124569620279
27,A,S,0.835351676336044,inf,0.835351676336044
27,A,L,0.997018247118905,0.3020,
27,A,A,1.000000000000000,0,
27,A,X,0.839284511751168,inf,0.839284511751168
27,X,S,0.905817287760818,4.5514,
27,X,L,0.999353696904900,0.4404,
27,X,A,0.999355598385145,1.4860,
27,X,X,1.000000000000000,0,
31,S,S,1.000000000000000,0,
31,S,L,0.807396346328399,0,0.807396346328399
31,S,A,0.807396346328399,0,0.807396346328399
31,S,X,0.807396346328399,0,0.807396346328399
31,L,S,0.832051221042958,inf,0.832051221042958
31,L,L,1.000000000000000,0,
31,L,A,0.990839262077375,inf,0.990839262077375
31,L,X,0.835342391410424,inf,0.835342391410424
31,A,S,0.839743894785210,inf,0.839743894785210
31,A,L,0.997412907309021,0.2981,
31,A,A,1.000000000000000,0,
31,A,X,0.843065493447505,inf,0.843065493447505
31,X,S,0.906797243874487,4.6718,
31,X,L,0.999459230613025,0.4407,
31,X,A,0.999449079182896,1.4855,
31,X,X,1.000000000000000,0,
49,S,S,1.000000000000000,0,
49,S,L,0.827087475346916,0,0.827087475346916
49,S,A,0.827087475346916,0,0.827087475346916
49,S,X,0.827087475346916,0,0.827087475346916
49,L,S,0.848821789078223,inf,0.848821789078223
49,L,L,1.000000000000000,0,
49,L,A,0.994835739133055,inf,0.994835739133055
49,L,X,0.850724847186704,inf,0.850724847186704
49,A,S,0.853228081469937,inf,0.853228081469937
49,A,L,0.998389777180128,0.2857,
49,A,A,1.000000000000000,0,
49,A,X,0.855141018484181,inf,0.855141018484181
49,X,S,0.910144863389250,5.0897,
49,X,L,0.999697440170337,0.4415,
49,X,A,0.999674610734770,1.4839,
49,X,X,1.000000000000000,0,
64,S,S,1.000000000000000,0,
64,S,L,0.833333333333333,0,0.833333333333333
64,S,A,0.833333333333333,0,0.833333333333333
64,S,X,0.833333333333333,0,0.833333333333333
64,L,S,0.857142857142857,inf,0.857142857142857
64,L,L,1.000000000000000,0,
64,L,A,0.996285877295627,inf,0.996285877295627
64,L,X,0.858530649029924,inf,0.858530649029924
64,A,S,0.860338259004065,inf,0.860338259004065
64,A,L,0.998781389394409,0.2790,
64,A,A,1.000000000000000,0,
64,A,X,0.861731224536041,inf,0.861731224536041
64,X,S,0.911664752467103,5.3304,
64,X,L,0.999783032936873,0.4417,
64,X,A,0.999761405909839,1.4830,
64,X,X,1.000000000000000,0,
101,S,S,1.000000000000000,0,
101,S,L,0.851944303160992,0,0.851944303160992
101,S,A,0.851944303160992,0,0.851944303160992
101,S,X,0.851944303160992,0,0.851944303160992
101,L,S,0.869421208561261,inf,0.869421208561261
101,L,L,1.000000000000000,0,
101,L,A,0.997869761220063,inf,0.997869761220063
101,L,X,0.870234805814761,inf,0.870234805814761
101,A,S,0.871277237119850,inf,0.871277237119850
101,A,L,0.999244905925351,0.2682,
101,A,A,1.000000000000000,0,
101,A,X,0.872092571229689,inf,0.872092571229689
101,X,S,0.915508832762737,5.7992,
101,X,L,0.999875975615603,0.4421,
101,X,A,0.999859860444427,1.4818,
101,X,X,1.000000000000000,0,
121,S,S,1.000000000000000,0,
121,S,L,0.857183779209814,0,0.857183779209814
121,S,A,0.857183779209814,0,0.857183779209814
121,S,X,0.857183779209814,0,0.857183779209814
121,L,S,0.873719248579400,inf,0.873719248579400
121,L,L,1.000000000000000,0,
121,L,A,0.998286747901419,inf,0.998286747901419
121,L,X,0.874378870129762,inf,0.874378870129762
121,A,S,0.875218718886249,inf,0.875218718886249
121,A,L,0.999375711673059,0.2642,
121,A,A,1.000000000000000,0,
121,A,X,0.875879472474082,inf,0.875879472474082
121,X,S,0.916830749061723,5.9844,
121,X,L,0.999900345593404,0.4422,
121,X,A,0.999886504984476,1.4814,
121,X,X,1.000000000000000,0,
256,S,S,1.000000000000000,0,
256,S,L,0.875000000000000,0,0.875000000000000
256,S,A,0.875000000000000,0,0.875000000000000
256,S,X,0.875000000000000,0,0.875000000000000
256,L,S,0.888888888888889,inf,0.888888888888889
256,L,L,1.000000000000000,0,
256,L,A,0.999297425309004,inf,0.999297425309004
256,L,X,0.889167546001461,inf,0.889167546001461
256,A,S,0.889513838799320,inf,0.889513838799320
256,A,L,0.999717187848714,0.2488,
256,A,A,1.000000000000000,0,
256,A,X,0.889792691826971,inf,0.889792691826971
256,X,S,0.922064915162404,6.7759,
256,X,L,0.999959230835465,0.4425,
256,X,A,0.999952563231970,1.4800,
256,X,X,1.000000000000000,0,
509,S,S,1.000000000000000,0,
509,S,L,0.889099039485508,0,0.889099039485508
509,S,A,0.889099039485508,0,0.889099039485508
509,S,X,0.889099039485508,0,0.889099039485508
509,L,S,0.899915146520671,inf,0.899915146520671
509,L,L,1.000000000000000,0,
509,L,A,0.999685181285899,inf,0.999685181285899
509,L,X,0.900042870284983,inf,0.900042870284983
509,A,S,0.900198545869317,inf,0.900198545869317
509,A,L,0.999863505313564,0.2362,
509,A,A,1.000000000000000,0,
509,A,X,0.900326309856124,inf,0.900326309856124
509,X,S,0.926693921992422,7.5430,
509,X,L,0.999981749980922,0.4426,
509,X,A,0.999978555701576,1.4793,
509,X,X,1.000000000000000,0,
1009,S,S,1.000000000000000,0,
1009,S,L,0.899929867134693,0,0.899929867134693
1009,S,A,0.899929867134693,0,0.899929867134693
1009,S,X,0.899929867134693,0,0.899929867134693
1009,L,S,0.908914621282271,inf,0.908914621282271
1009,L,L,1.000000000000000,0,
1009,L,A,0.999856803752925,inf,0.999856803752925
1009,L,X,0.908973826645651,inf,0.908973826645651
1009,A,S,0.909044793085063,inf,0.909044793085063
1009,A,L,0.999933965545803,0.2250,
1009,A,A,1.000000000000000,0,
1009,A,X,0.909104006927644,inf,0.909104006927644
1009,X,S,0.930889415082758,8.3281,
1009,X,L,0.999991702926659,0.4426,
1009,X,A,0.999990201529843,1.4788,
1009,X,X,1.000000000000000,0,
